eligible_windows,active_windows,active_window_fraction,median_spectral_entropy,median_top3_power_share,median_dominant_period_seconds,dominant_period_iqr_octaves,dominant_period_stability,median_peak_to_median_power,boundary_peak_fraction,median_high_frequency_share,median_update_fraction,channel_id,channel,horizon_steps,window_minutes,value_type,differenced,periodicity_score,candidate_periodic,strong_periodic
96,1,0.010416666666666666,0.5306495067554039,0.7547138064610222,1440.0,0.0,1.0,187.83148964281023,0.0,0.011459509313340588,0.3333333333333333,1,channel_1,96,48.0,continuous,False,0.0036898468470936184,False,False
96,1,0.010416666666666666,0.5540993558709342,0.7260619329970217,1440.0,0.0,1.0,161.93792596203863,0.0,0.012937971956584492,0.3333333333333333,2,channel_2,96,48.0,continuous,False,0.0033724112875100688,False,False
96,6,0.0625,0.4624690495930622,0.7814849516029613,1440.0,0.75,0.6666666666666666,466.59081837255206,0.3333333333333333,0.006079421500999816,0.3333333333333333,3,channel_3,96,48.0,continuous,False,0.011668676354551656,False,False
96,0,0.0,,,,,0.0,,,,,4,channel_4,96,48.0,continuous,True,,False,False
96,0,0.0,,,,,0.0,,,,,5,channel_5,96,48.0,continuous,True,,False,False
96,0,0.0,,,,,0.0,,,,,6,channel_6,96,48.0,continuous,True,,False,False
96,0,0.0,,,,,0.0,,,,,7,channel_7,96,48.0,continuous,True,,False,False
96,0,0.0,,,,,0.0,,,,,8,channel_8,96,48.0,discrete_like,True,,False,False
96,0,0.0,,,,,0.0,,,,,9,channel_9,96,48.0,discrete_like,True,,False,False
96,0,0.0,,,,,0.0,,,,,10,channel_10,96,48.0,discrete_like,True,,False,False
96,0,0.0,,,,,0.0,,,,,11,channel_11,96,48.0,discrete_like,True,,False,False
95,95,1.0,0.7921171061358524,0.32395422726540923,720.0,2.8073549220576037,0.06315789473684211,18.513752106378686,0.2631578947368421,0.0607364117395439,0.3333333333333333,12,channel_12,96,48.0,continuous,False,0.003134039639030687,False,False
95,95,1.0,0.7802144745079003,0.34138865391478945,960.0,1.584962500721156,0.09473684210526316,20.2948614744295,0.24210526315789474,0.0602197351566239,0.3333333333333333,13,channel_13,96,48.0,continuous,False,0.0053873596104278415,False,False
95,95,1.0,0.7934994982211732,0.318320939509274,720.0,1.8073549220576037,0.10526315789473684,16.779685075131518,0.14736842105263157,0.063448180686733,0.3333333333333333,14,channel_14,96,48.0,continuous,False,0.005899621199518211,False,False
90,88,0.9777777777777777,0.785033076850334,0.32766191884866125,720.0,2.0,0.125,20.447028824997403,0.18181818181818182,0.06262964151565084,0.3333333333333333,15,channel_15,96,48.0,continuous,False,0.007043647452821225,False,False
90,90,1.0,0.7878520905169235,0.31698122007971985,720.0,1.7517568167234927,0.08888888888888889,18.463011668421878,0.2111111111111111,0.06219888056376366,0.3333333333333333,16,channel_16,96,48.0,continuous,False,0.00471558530978453,False,False
95,95,1.0,0.7814856372448329,0.34645389511896174,720.0,1.8073549220576037,0.07368421052631578,20.95064381995862,0.22105263157894736,0.05987578105813794,0.3333333333333333,17,channel_17,96,48.0,continuous,False,0.004345182138068708,False,False
95,95,1.0,0.7785195929018925,0.3547576083559711,720.0,1.584962500721156,0.11578947368421053,22.556044590894498,0.17894736842105263,0.05776385013948426,0.3333333333333333,18,channel_18,96,48.0,continuous,False,0.007469767918893672,False,False
95,95,1.0,0.7843438639645985,0.34216701110934594,720.0,1.9036774610288028,0.15789473684210525,22.700902370935793,0.15789473684210525,0.06004497861241501,0.3333333333333333,19,channel_19,96,48.0,continuous,False,0.00981146798820483,False,False
95,95,1.0,0.7926918044801406,0.3291680068489059,720.0,1.8073549220576037,0.08421052631578947,18.394773993991386,0.21052631578947367,0.059920205981108754,0.3333333333333333,20,channel_20,96,48.0,continuous,False,0.004536679813144513,False,False
95,93,0.9789473684210527,0.7819686812819888,0.32730843939900733,576.0,1.8073549220576037,0.17204301075268819,20.744847439378752,0.1827956989247312,0.05845543440893412,0.3333333333333333,21,channel_21,96,48.0,continuous,False,0.009822071834109223,False,False
86,85,0.9883720930232558,0.7913080928714573,0.31874366642923924,960.0,1.584962500721156,0.16470588235294117,18.865716484532214,0.18823529411764706,0.05911261853944295,0.3333333333333333,22,channel_22,96,48.0,continuous,False,0.008790365257013006,False,False
90,90,1.0,0.7922670468534758,0.3218507636270107,720.0,1.8073549220576037,0.1,17.52411616943132,0.16666666666666666,0.061053199145527405,0.3333333333333333,23,channel_23,96,48.0,continuous,False,0.005571584133391904,False,False
90,90,1.0,0.7866246464387006,0.32182560094346413,720.0,1.519203899262708,0.15555555555555556,18.81885651465945,0.16666666666666666,0.06068381555264118,0.3333333333333333,24,channel_24,96,48.0,continuous,False,0.008901621476013432,False,False
95,95,1.0,0.7863161797052461,0.3300127739267824,720.0,1.8073549220576037,0.08421052631578947,19.44076068673623,0.18947368421052632,0.05784239312176806,0.3333333333333333,25,channel_25,96,48.0,continuous,False,0.0048132219846765845,False,False
95,95,1.0,0.7880264151206863,0.32203271814027024,720.0,1.8073549220576037,0.08421052631578947,20.26771791891609,0.15789473684210525,0.06017902303441805,0.3333333333333333,26,channel_26,96,48.0,continuous,False,0.004840770638900666,False,False
95,95,1.0,0.7919299465471772,0.33165747947616164,720.0,1.8073549220576037,0.09473684210526316,17.818904867525784,0.23157894736842105,0.06252933659238245,0.3333333333333333,27,channel_27,96,48.0,continuous,False,0.005023628708043232,False,False
95,95,1.0,0.77131249685095,0.3566360255231631,960.0,1.584962500721156,0.18947368421052632,24.428215705197616,0.2,0.057389981685867904,0.3333333333333333,28,channel_28,96,48.0,continuous,False,0.012362506440236416,False,False
95,94,0.9894736842105263,0.787701978952464,0.32578818544246024,576.0,1.0,0.22340425531914893,19.131059202084746,0.14893617021276595,0.061700728989607455,0.3333333333333333,29,channel_29,96,48.0,continuous,False,0.013011851539100934,False,False
93,93,1.0,0.7956370823837272,0.31806561317294607,720.0,1.584962500721156,0.08602150537634409,17.239693819409702,0.22580645161290322,0.061043045393570514,0.3333333333333333,30,channel_30,96,48.0,continuous,False,0.004328878531625029,False,False
85,84,0.9882352941176471,0.7907112164645942,0.31026424049061085,720.0,1.2705536908220463,0.13095238095238096,18.465228813339323,0.10714285714285714,0.06410828800869173,0.3333333333333333,31,channel_31,96,48.0,continuous,False,0.007502973530829645,False,False
90,90,1.0,0.7936483689904652,0.31635765405853006,840.0,1.584962500721156,0.3111111111111111,17.563555677102343,0.12222222222222222,0.061954122438246204,0.3333333333333333,32,channel_32,96,48.0,continuous,False,0.017827332146776446,False,False
90,90,1.0,0.7988270540046596,0.3076352942198404,720.0,2.0,0.08888888888888889,16.391157260748585,0.2,0.06344817230140726,0.3333333333333333,33,channel_33,96,48.0,continuous,False,0.004400917221713679,False,False
95,94,0.9894736842105263,0.7822594247657471,0.33697224496058875,648.0,2.127443751081735,0.22340425531914893,21.317570357049473,0.2127659574468085,0.060660722253314064,0.3333333333333333,34,channel_34,96,48.0,continuous,False,0.012768299252872548,False,False
95,95,1.0,0.7902569525710189,0.3254168770143255,960.0,1.8073549220576037,0.2,17.679137473979036,0.18947368421052632,0.06132787236298741,0.3333333333333333,35,channel_35,96,48.0,continuous,False,0.011064320874052855,False,False
95,95,1.0,0.7913972238344155,0.32631319989750185,960.0,1.584962500721156,0.12631578947368421,19.724633185083228,0.18947368421052632,0.06000453685570338,0.3333333333333333,36,channel_36,96,48.0,continuous,False,0.006969144776048649,False,False
95,95,1.0,0.7957028163415483,0.31246053333707313,720.0,1.69615871138938,0.11578947368421053,18.2104117203067,0.21052631578947367,0.05866129826889723,0.3333333333333333,37,channel_37,96,48.0,continuous,False,0.005835314764130193,False,False
93,92,0.989247311827957,0.7956015632400938,0.3203635044196253,576.0,1.3686330465167362,0.15217391304347827,18.086154858023487,0.14130434782608695,0.06262734818118737,0.3333333333333333,38,channel_38,96,48.0,continuous,False,0.008464571089892027,False,False
85,84,0.9882352941176471,0.7902136145456788,0.3211672198093469,576.0,1.8073549220576037,0.15476190476190477,17.712716689930595,0.15476190476190477,0.06324543958792536,0.3333333333333333,39,channel_39,96,48.0,continuous,False,0.00870987659483329,False,False
90,90,1.0,0.7918810566363768,0.30643319920712087,720.0,1.584962500721156,0.12222222222222222,18.692610564927797,0.2222222222222222,0.06262493222491912,0.3333333333333333,40,channel_40,96,48.0,continuous,False,0.0060625192957408525,False,False
95,95,1.0,0.33080816439616223,0.8934333288018584,2880.0,0.0,1.0,326.0446388648427,1.0,0.028808152488257268,1.0,41,channel_41,96,48.0,discrete_like,False,0.0,False,False
95,95,1.0,0.5107512410492004,0.7402698522691713,2880.0,0.0,0.9894736842105263,108.16733898411329,0.9894736842105263,0.06981276148342559,1.0,42,channel_42,96,48.0,continuous,False,0.0037722497520299367,False,False
95,95,1.0,0.33152559461290537,0.8932467853701538,2880.0,0.0,0.9894736842105263,305.18682031955564,0.9894736842105263,0.029352699154347326,1.0,43,channel_43,96,48.0,discrete_like,False,0.006219233871372789,False,False
95,95,1.0,0.49858699491866904,0.7509666454055846,2880.0,0.0,0.9894736842105263,115.72739189020683,0.9894736842105263,0.06975461469782801,1.0,44,channel_44,96,48.0,discrete_like,False,0.0039219033334663925,False,False
95,95,1.0,0.3271375671487919,0.8957485269953198,2880.0,0.0,0.9894736842105263,345.1948334259868,0.9894736842105263,0.02705514966662236,1.0,45,channel_45,96,48.0,discrete_like,False,0.006277591148045886,False,False
95,95,1.0,0.5145156289562409,0.7302840582429402,2880.0,0.0,0.9894736842105263,108.5331378241138,0.9894736842105263,0.07933132138573123,1.0,46,channel_46,96,48.0,discrete_like,False,0.003692731378364513,False,False
93,93,1.0,0.9174231202599143,0.18496309920902143,120.0,1.8875252707415875,0.1935483870967742,4.251273875599952,0.07526881720430108,0.25161501910093725,1.0,47,channel_47,96,48.0,discrete_like,False,0.0027336859554159686,False,False
93,93,1.0,0.9156029303285615,0.18655864863225757,115.2,2.4020984435713455,0.12903225806451613,4.293790523928232,0.0967741935483871,0.25230964573652626,1.0,48,channel_48,96,48.0,discrete_like,False,0.001835005583600122,False,False
93,93,1.0,0.9184032461696137,0.18533034050799962,120.0,1.66296501272243,0.11827956989247312,4.064747516889197,0.021505376344086023,0.2514439044240498,1.0,49,channel_49,96,48.0,discrete_like,False,0.0017501996214481046,False,False
93,93,1.0,0.7845238308579319,0.3177482593073251,720.0,1.8073549220576037,0.07526881720430108,18.19818934118134,0.15053763440860216,0.06096947913529803,0.3333333333333333,50,channel_50,96,48.0,discrete_like,False,0.004377656289733831,False,False
93,93,1.0,0.7972628487430463,0.3128845889308839,720.0,1.8073549220576037,0.0967741935483871,16.24163716350373,0.1827956989247312,0.06259599138171718,0.3333333333333333,51,channel_51,96,48.0,discrete_like,False,0.0050165797061767214,False,False
93,91,0.978494623655914,0.8061145476596204,0.30418892643528517,480.0,2.169925001442312,0.17582417582417584,15.501044901439617,0.13186813186813187,0.0629127418706772,0.3333333333333333,52,channel_52,96,48.0,discrete_like,False,0.008808690630383245,False,False
96,96,1.0,0.9119017197789256,0.18953294001990514,99.3103448275862,1.450661409009565,0.17708333333333334,4.216974087042896,0.020833333333333332,0.2579000925435093,1.0,53,channel_53,96,48.0,discrete_like,False,0.002895252457191221,False,False
96,96,1.0,0.9132126841023752,0.19096962318216715,125.21739130434783,1.5443205162238103,0.13541666666666666,4.473669526754587,0.03125,0.24664453228450844,1.0,54,channel_54,96,48.0,discrete_like,False,0.0021742244884851323,False,False
96,96,1.0,0.9122065894372415,0.19438269832770022,147.78947368421052,1.81751541818194,0.14583333333333334,4.752449140736407,0.041666666666666664,0.24972143679598569,1.0,55,channel_55,96,48.0,discrete_like,False,0.0023850249362269774,False,False
96,96,1.0,0.9118534010103136,0.19557736640931803,115.2,1.7409539076683354,0.21875,4.763400066930414,0.041666666666666664,0.24263982275430307,1.0,56,channel_56,96,48.0,discrete_like,False,0.003614005507581926,False,False
93,93,1.0,0.9212523409857057,0.17666368938789323,125.21739130434783,2.039528364186637,0.17204301075268819,3.9307051288271917,0.06451612903225806,0.25726834863567055,1.0,57,channel_57,96,48.0,continuous,False,0.0022390216146604257,False,False
93,93,1.0,0.916424103366684,0.182548497163876,125.21739130434783,1.584962500721156,0.15053763440860216,4.178432444017779,0.021505376344086023,0.24854873873989075,1.0,58,channel_58,96,48.0,continuous,False,0.0022473092398922357,False,False
93,93,1.0,0.9197041284090405,0.18111870588199713,115.2,1.7500217469916528,0.11827956989247312,4.233965954560103,0.06451612903225806,0.24560903342279683,1.0,59,channel_59,96,48.0,continuous,False,0.0016091723578635772,False,False
93,93,1.0,0.9160422769561589,0.18003120603155578,130.9090909090909,1.5474877953024944,0.0967741935483871,4.370748354716194,0.06451612903225806,0.2592530557691014,1.0,60,channel_60,96,48.0,continuous,False,0.00136837240558419,False,False
96,1,0.010416666666666666,0.0981298527025524,0.9787195154651076,2880.0,0.0,1.0,5246.4624023750175,1.0,0.0011357490169595756,0.03125,61,channel_61,96,48.0,continuous,False,0.0,False,False
96,1,0.010416666666666666,0.09812985270256096,0.9787195154651047,2880.0,0.0,1.0,5246.46240237395,1.0,0.0011357490169596907,0.03125,62,channel_62,96,48.0,continuous,False,0.0,False,False
96,1,0.010416666666666666,0.09812985270255258,0.9787195154651073,2880.0,0.0,1.0,5246.462402374771,1.0,0.0011357490169596391,0.03125,63,channel_63,96,48.0,continuous,False,0.0,False,False
96,2,0.020833333333333332,0.4357790531065067,0.6640599837277699,2160.0,0.5,0.0,1011.1653986620157,0.5,0.015834368494495262,0.16666666666666666,64,channel_64,96,48.0,discrete_like,False,0.0,False,False
96,16,0.16666666666666666,0.7169929912683617,0.3752138475279663,1440.0,1.0,0.5,35.082034478823985,0.3125,0.02912934193083678,0.16666666666666666,65,channel_65,96,48.0,discrete_like,False,0.006083696014892534,False,False
93,46,0.4946236559139785,0.6754586048754978,0.46145148199254515,960.0,1.2414460711655213,0.2826086956521739,64.04891178185926,0.15217391304347827,0.029652183697737297,0.16666666666666666,66,channel_66,96,48.0,discrete_like,False,0.017748568169308497,False,False
96,71,0.7395833333333334,0.6614054077073312,0.4942119514292266,960.0,1.0,0.15492957746478872,81.133444755654,0.16901408450704225,0.029193308394226358,0.16666666666666666,67,channel_67,96,48.0,discrete_like,False,0.015933396968313196,False,False
96,42,0.4375,0.7158711822952818,0.3804601573972093,1440.0,1.0,0.47619047619047616,37.33647277089197,0.4523809523809524,0.028190337091490526,0.16666666666666666,68,channel_68,96,48.0,discrete_like,False,0.012332802471306855,False,False
96,11,0.11458333333333333,0.7170055727042272,0.3754234699486039,1440.0,0.5,0.6363636363636364,34.68879832135022,0.2727272727272727,0.029155658823486304,0.16666666666666666,69,channel_69,96,48.0,discrete_like,False,0.005634085220458171,False,False
95,95,1.0,0.4951507389838094,0.7746463310160587,60.0,0.03037364904351847,1.0,215.69637041418594,0.0,0.6496380134980082,1.0,70,channel_70,96,48.0,discrete_like,False,0.39107962776236055,True,True
94,94,1.0,0.41965259828814777,0.839867866769981,60.0,0.03037364904351847,1.0,283.4833850208686,0.0,0.8447933212927046,1.0,71,channel_71,96,48.0,discrete_like,False,0.4874151342612345,True,True
95,95,1.0,0.43900915422572473,0.825445870845523,60.0,0.03037364904351847,1.0,324.2384428677986,0.0,0.7629144842432216,1.0,72,channel_72,96,48.0,discrete_like,False,0.46306757722651315,True,True
95,95,1.0,0.547974295824832,0.6907956953102774,120.0,0.0,0.9894736842105263,125.50724692714715,0.0,0.2460412534926198,1.0,73,channel_73,96,48.0,discrete_like,False,0.30897049050207864,True,True
95,95,1.0,0.5997610810338715,0.6467811210724488,120.0,1.0,0.6631578947368421,85.48518214536094,0.0,0.39731007591004436,1.0,74,channel_74,96,48.0,discrete_like,False,0.1716696792890681,True,True
95,95,1.0,0.5787785104251215,0.6736945567643742,60.0,0.03037364904351847,0.9894736842105263,100.86836008179613,0.0,0.595813567630907,1.0,75,channel_75,96,48.0,discrete_like,False,0.280787523405948,True,True
95,95,1.0,0.5832869010581334,0.6843802039919742,60.0,0.03037364904351847,1.0,105.35006558709075,0.0,0.6235175042791016,1.0,76,channel_76,96,48.0,discrete_like,False,0.2851901956599624,True,True
96,1,0.010416666666666666,0.49056492730671314,0.6338744311764323,2880.0,0.0,1.0,436.88453729240837,0.0,0.005715295707501555,0.3333333333333333,1,channel_1,192,96.0,continuous,False,0.003363727780466475,False,False
96,2,0.020833333333333332,0.4964498003711696,0.5613426686941863,2160.0,0.5,0.0,883.7932898116258,0.0,0.00454527804767454,0.3333333333333333,2,channel_2,192,96.0,continuous,False,0.0,False,False
96,13,0.13541666666666666,0.3492734864975932,0.7982251941397724,5760.0,1.0,0.6153846153846154,3643.0927370298855,0.6153846153846154,0.0009952831567548047,0.3333333333333333,3,channel_3,192,96.0,continuous,False,0.01664827876834474,False,False
96,0,0.0,,,,,0.0,,,,,4,channel_4,192,96.0,continuous,True,,False,False
96,0,0.0,,,,,0.0,,,,,5,channel_5,192,96.0,continuous,True,,False,False
96,0,0.0,,,,,0.0,,,,,6,channel_6,192,96.0,continuous,True,,False,False
96,0,0.0,,,,,0.0,,,,,7,channel_7,192,96.0,continuous,True,,False,False
96,0,0.0,,,,,0.0,,,,,8,channel_8,192,96.0,discrete_like,True,,False,False
96,0,0.0,,,,,0.0,,,,,9,channel_9,192,96.0,discrete_like,True,,False,False
96,0,0.0,,,,,0.0,,,,,10,channel_10,192,96.0,discrete_like,True,,False,False
96,0,0.0,,,,,0.0,,,,,11,channel_11,192,96.0,discrete_like,True,,False,False
95,95,1.0,0.8106533874873303,0.20455249288592708,960.0,2.5221970596792254,0.12631578947368421,23.80786267860978,0.1368421052631579,0.058030099774564005,0.3333333333333333,12,channel_12,192,96.0,continuous,False,0.004222894234152765,False,False
95,95,1.0,0.8116497468236235,0.20505257474706132,960.0,2.584962500721156,0.05263157894736842,23.658887699430256,0.16842105263157894,0.05847583815588936,0.3333333333333333,13,channel_13,192,96.0,continuous,False,0.0016903682244199852,False,False
95,95,1.0,0.8089329802278876,0.2030167851025081,640.0,1.584962500721156,0.17894736842105263,24.26866206626392,0.10526315789473684,0.06046896446614257,0.3333333333333333,14,channel_14,192,96.0,continuous,False,0.006210667975041392,False,False
90,90,1.0,0.811218069924828,0.19865081989105013,720.0,2.6715704137861067,0.16666666666666666,24.054406189138206,0.16666666666666666,0.058157625509279574,0.3333333333333333,15,channel_15,192,96.0,continuous,False,0.0052085673875066395,False,False
90,90,1.0,0.8166572477874252,0.18996857069569267,960.0,2.0,0.1,20.460460569573314,0.1111111111111111,0.05923465172165663,0.3333333333333333,16,channel_16,192,96.0,continuous,False,0.003095943163132211,False,False
95,95,1.0,0.8082862118879507,0.216777171975999,960.0,2.700439718141091,0.05263157894736842,26.327844624858898,0.23157894736842105,0.058250031106574666,0.3333333333333333,17,channel_17,192,96.0,continuous,False,0.001680786490608711,False,False
95,95,1.0,0.7999916692480169,0.2291890370154396,1920.0,3.0,0.09473684210526316,30.951677846955093,0.3157894736842105,0.05398100028632778,0.3333333333333333,18,channel_18,192,96.0,continuous,False,0.0029713278982012007,False,False
95,95,1.0,0.8018787781642316,0.2136623246289879,960.0,1.8744691179161403,0.11578947368421053,26.82436695248181,0.17894736842105263,0.05775482391067213,0.3333333333333333,19,channel_19,192,96.0,continuous,False,0.004024380390019607,False,False
95,95,1.0,0.8112902316705247,0.20287611555426338,960.0,2.5221970596792254,0.09473684210526316,24.053892544780705,0.1368421052631579,0.05916097753821096,0.3333333333333333,20,channel_20,192,96.0,continuous,False,0.0031306495420699975,False,False
95,95,1.0,0.8054972780414705,0.2100103331601862,822.8571428571429,1.792481250360579,0.16842105263157894,25.444579586616083,0.14736842105263157,0.05734319296665414,0.3333333333333333,21,channel_21,192,96.0,continuous,False,0.005865757955129051,False,False
86,86,1.0,0.8074066822353634,0.21128581715012718,680.0,2.0866079130649506,0.12790697674418605,24.62947763435146,0.18604651162790697,0.058489110352923174,0.3333333333333333,22,channel_22,192,96.0,continuous,False,0.004236482168955872,False,False
90,90,1.0,0.8142733147932382,0.19789864580838432,720.0,1.8820066772207902,0.13333333333333333,23.919942159237543,0.06666666666666667,0.05971152737238544,0.3333333333333333,23,channel_23,192,96.0,continuous,False,0.0045739629591162265,False,False
90,90,1.0,0.8132246919921935,0.20035353825448685,640.0,1.8015246534989497,0.15555555555555556,22.65560534979651,0.07777777777777778,0.05876534529230747,0.3333333333333333,24,channel_24,192,96.0,continuous,False,0.005368310002029778,False,False
95,95,1.0,0.8077122583785282,0.21546514095618466,960.0,2.4594316186372964,0.1368421052631579,27.497915680659748,0.21052631578947367,0.05590489515292239,0.3333333333333333,25,channel_25,192,96.0,continuous,False,0.004475958195989077,False,False
95,95,1.0,0.8173056138482271,0.19513393440115398,1152.0,1.9372345589580693,0.07368421052631578,23.429027815616223,0.15789473684210525,0.05718100058681395,0.3333333333333333,26,channel_26,192,96.0,continuous,False,0.0022120697665559577,False,False
95,95,1.0,0.8097546701058759,0.2049148598498597,1152.0,2.584962500721156,0.042105263157894736,27.336768074584732,0.17894736842105263,0.05807985194683796,0.3333333333333333,27,channel_27,192,96.0,continuous,False,0.00134770500554588,False,False
95,95,1.0,0.8055866248951202,0.21934495163633277,1152.0,1.877443751081735,0.08421052631578947,27.544630684215512,0.14736842105263157,0.05596772140275649,0.3333333333333333,28,channel_28,192,96.0,continuous,False,0.0030618335566951556,False,False
95,95,1.0,0.8072761815442692,0.20316120720645503,822.8571428571429,2.3219280948873617,0.22105263157894736,26.604831267240467,0.22105263157894736,0.05800585662053965,0.3333333333333333,29,channel_29,192,96.0,continuous,False,0.006741863891142464,False,False
93,93,1.0,0.8107360806666876,0.20675540523553365,640.0,1.8073549220576037,0.1827956989247312,24.02791203123626,0.1827956989247312,0.059478683354124075,0.3333333333333333,30,channel_30,192,96.0,continuous,False,0.005845495332753599,False,False
85,85,1.0,0.8110995475588091,0.2100763901004003,640.0,1.6780719051126383,0.18823529411764706,25.41671739664444,0.07058823529411765,0.059839556451890395,0.3333333333333333,31,channel_31,192,96.0,continuous,False,0.006942557200469573,False,False
90,90,1.0,0.8109756958055129,0.19688434550338668,822.8571428571429,1.8744691179161403,0.2111111111111111,23.42980109118613,0.14444444444444443,0.05901005096257949,0.3333333333333333,32,channel_32,192,96.0,continuous,False,0.006721839548885323,False,False
90,90,1.0,0.8150943502216128,0.19245596371253787,822.8571428571429,1.8962406251802886,0.18888888888888888,21.928557950622938,0.05555555555555555,0.06089244176246769,0.3333333333333333,33,channel_33,192,96.0,continuous,False,0.006348401457983851,False,False
95,95,1.0,0.8077321923254324,0.2131518417066502,640.0,2.8073549220576037,0.15789473684210525,24.854086282493455,0.12631578947368421,0.0581618524367012,0.3333333333333333,34,channel_34,192,96.0,continuous,False,0.005653505312674122,False,False
95,95,1.0,0.8010776877061115,0.2225543829398159,960.0,3.169925001442312,0.18947368421052632,29.13294604632566,0.2631578947368421,0.05619114997446146,0.3333333333333333,35,channel_35,192,96.0,continuous,False,0.006180775723719103,False,False
95,95,1.0,0.8079656557505738,0.20236336050811465,960.0,2.0577386087099665,0.11578947368421053,24.49519010350184,0.11578947368421053,0.05919852210806312,0.3333333333333333,36,channel_36,192,96.0,continuous,False,0.003978648296665295,False,False
95,95,1.0,0.815923023352467,0.2055391476527733,1152.0,2.6427011094311226,0.07368421052631578,23.755446770349483,0.1368421052631579,0.05849675385219683,0.3333333333333333,37,channel_37,192,96.0,continuous,False,0.002406349505000727,False,False
93,93,1.0,0.8155105525426862,0.19294168331771977,523.6363636363636,1.6780719051126383,0.26881720430107525,22.35771746533189,0.06451612903225806,0.06032928282812012,0.3333333333333333,38,channel_38,192,96.0,continuous,False,0.008951399860009833,False,False
85,85,1.0,0.8120349986659198,0.2067219969770014,822.8571428571429,2.700439718141091,0.10588235294117647,23.7825936718091,0.11764705882352941,0.061161435804457744,0.3333333333333333,39,channel_39,192,96.0,continuous,False,0.00363019208240234,False,False
90,90,1.0,0.8119910285079242,0.20440613075238118,822.8571428571429,2.0,0.13333333333333333,24.99466273365885,0.14444444444444443,0.059196755592351755,0.3333333333333333,40,channel_40,192,96.0,continuous,False,0.004383887931149789,False,False
95,95,1.0,0.28718995959830257,0.942541163851719,2880.0,0.0,1.0,1235.7171788450335,0.0,0.014193711648032962,1.0,41,channel_41,192,96.0,discrete_like,False,0.6718528050854068,True,True
95,95,1.0,0.3980400002602563,0.8494813420336677,2880.0,0.0,1.0,409.59052894070015,0.0,0.04004781668973016,1.0,42,channel_42,192,96.0,continuous,False,0.5113537884295037,True,True
95,95,1.0,0.2871905362563576,0.942834647505207,2880.0,0.0,1.0,1297.563057584231,0.0,0.014043058791100908,1.0,43,channel_43,192,96.0,discrete_like,False,0.6720614594871127,True,True
95,95,1.0,0.3932092412401201,0.8550141375085378,2880.0,0.0,1.0,438.41007456631684,0.0,0.03516275280554951,1.0,44,channel_44,192,96.0,discrete_like,False,0.51881467724923,True,True
95,95,1.0,0.28099076541188145,0.948297804631351,2880.0,0.0,1.0,1374.5327359511855,0.0,0.014405812898224431,1.0,45,channel_45,192,96.0,discrete_like,False,0.6818348786695808,True,True
95,95,1.0,0.40768747476881595,0.8400854935483808,2880.0,0.0,1.0,410.86364403742164,0.0,0.04112634099809405,1.0,46,channel_46,192,96.0,discrete_like,False,0.497593160093727,True,True
93,93,1.0,0.9246011610414817,0.1095105711958996,120.0,1.5283789723547896,0.1827956989247312,5.223900294778744,0.03225806451612903,0.2609393268833157,1.0,47,channel_47,192,96.0,discrete_like,False,0.0014606502463219019,False,False
93,93,1.0,0.9224748619437065,0.11484081940917248,112.94117647058823,2.3410369178350674,0.13978494623655913,5.39885357986458,0.043010752688172046,0.25840857030751263,1.0,48,channel_48,192,96.0,discrete_like,False,0.001190985002743371,False,False
93,93,1.0,0.9256564915743463,0.1101835026927114,128.0,1.563900885193326,0.21505376344086022,5.284322527278578,0.010752688172043012,0.2457878541898798,1.0,49,channel_49,192,96.0,discrete_like,False,0.0017426555458294232,False,False
93,93,1.0,0.8103271684364804,0.20031849996490902,720.0,2.0,0.16129032258064516,24.335802844197385,0.11827956989247312,0.0594649974767536,0.3333333333333333,50,channel_50,192,96.0,discrete_like,False,0.005403378637596061,False,False
93,93,1.0,0.8115149554532922,0.20058059012101154,720.0,1.8073549220576037,0.1827956989247312,23.983936884354193,0.06451612903225806,0.05988334997927316,0.3333333333333333,51,channel_51,192,96.0,discrete_like,False,0.006464993285408516,False,False
93,93,1.0,0.8103415877174674,0.2021269218603422,822.8571428571429,2.0,0.12903225806451613,24.744186112831486,0.17204301075268819,0.058667870064275325,0.3333333333333333,52,channel_52,192,96.0,discrete_like,False,0.004095456778533856,False,False
96,96,1.0,0.9213259756526833,0.11205005075380695,105.6969696969697,1.5947984208210801,0.17708333333333334,5.633935304288179,0.0,0.2618913600608823,1.0,53,channel_53,192,96.0,discrete_like,False,0.0015610654495738796,False,False
96,96,1.0,0.9148774643157842,0.12210356368430778,130.97674418604652,1.669015656611065,0.14583333333333334,5.934505420310862,0.010416666666666666,0.2461434924043538,1.0,54,channel_54,192,96.0,discrete_like,False,0.0014999682500716415,False,False
96,96,1.0,0.9159172794461473,0.12035472878809182,114.07058823529411,1.4293318375626338,0.20833333333333334,6.052885111234771,0.010416666666666666,0.25416188404877876,1.0,55,channel_55,192,96.0,discrete_like,False,0.0020863206112462372,False,False
96,96,1.0,0.9158280024133589,0.11429408105786618,130.9090909090909,1.5231158805771763,0.19791666666666666,5.712404300485484,0.020833333333333332,0.24492911601789527,1.0,56,channel_56,192,96.0,discrete_like,False,0.0018643625164210661,False,False
93,93,1.0,0.9218466874378444,0.11578710331453657,108.67924528301887,1.9114633253983424,0.17204301075268819,5.568498033068971,0.10752688172043011,0.2541527783134437,1.0,57,channel_57,192,96.0,continuous,False,0.0013894398725561418,False,False
93,93,1.0,0.9234732012688828,0.11391590455388959,117.55102040816327,1.9349049717781144,0.20430107526881722,5.538318371820996,0.06451612903225806,0.24039296748338848,1.0,58,channel_58,192,96.0,continuous,False,0.0016661145836066032,False,False
93,93,1.0,0.9229625835880176,0.1113135248272568,99.3103448275862,1.584962500721157,0.15053763440860216,5.27747382841027,0.08602150537634409,0.2591025481739092,1.0,59,channel_59,192,96.0,continuous,False,0.001179860628239042,False,False
93,93,1.0,0.9239147001615519,0.11269790766090133,125.21739130434783,2.078002512001273,0.17204301075268819,5.110753061048214,0.07526881720430108,0.24628998345012165,1.0,60,channel_60,192,96.0,continuous,False,0.0013641720471118625,False,False
96,2,0.020833333333333332,0.30538772162976224,0.8694532883713286,5760.0,0.0,1.0,3019.7671107490387,1.0,0.003020162545060952,0.03385416666666667,61,channel_61,192,96.0,continuous,False,0.0,False,False
96,2,0.020833333333333332,0.30538772162974914,0.8694532883713362,5760.0,0.0,1.0,3019.7671107494716,1.0,0.0030201625450607594,0.03385416666666667,62,channel_62,192,96.0,continuous,False,0.0,False,False
96,2,0.020833333333333332,0.30538772162973754,0.8694532883713448,5760.0,0.0,1.0,3019.767110749697,1.0,0.00302016254506052,0.03385416666666667,63,channel_63,192,96.0,continuous,False,0.0,False,False
96,9,0.09375,0.7589097607313862,0.19008403299071136,2880.0,0.5849625007211561,0.4444444444444444,35.901294814503565,0.2222222222222222,0.02805041586747291,0.16666666666666666,64,channel_64,192,96.0,discrete_like,False,0.0014851473840931286,False,False
96,25,0.2604166666666667,0.7581603712346524,0.1927330747333822,2880.0,1.584962500721156,0.24,35.4950407870254,0.36,0.028136502937794,0.16666666666666666,65,channel_65,192,96.0,discrete_like,False,0.0018644198097730062,False,False
93,56,0.6021505376344086,0.6952809293837179,0.35088370146127157,1440.0,2.042481250360577,0.07142857142857142,93.94979136622267,0.21428571428571427,0.027997090198823245,0.16666666666666666,66,channel_66,192,96.0,discrete_like,False,0.003613304176468437,False,False
96,86,0.8958333333333334,0.6983894904234348,0.32497463097683177,1920.0,1.8073549220576037,0.10465116279069768,100.5774275681438,0.22093023255813954,0.028076491561659263,0.16666666666666666,67,channel_67,192,96.0,discrete_like,False,0.007158854859638108,False,False
96,69,0.71875,0.7484763465395484,0.22860318319821243,1920.0,1.584962500721156,0.2608695652173913,53.58063793776057,0.3188405797101449,0.02812963027402857,0.16666666666666666,68,channel_68,192,96.0,discrete_like,False,0.007343636054464826,False,False
96,15,0.15625,0.7558738692349791,0.1998665762026065,2880.0,0.5849625007211561,0.4666666666666667,38.12298995225717,0.2,0.0280971527407897,0.16666666666666666,69,channel_69,192,96.0,discrete_like,False,0.0028462381451930144,False,False
95,95,1.0,0.5537086510614772,0.5983356098976595,60.63157894736842,0.0,1.0,249.07585689813584,0.0,0.6035592014998564,1.0,70,channel_70,192,96.0,discrete_like,False,0.26703200645918024,True,True
94,94,1.0,0.490383516157049,0.6924876161945566,60.63157894736842,0.0,1.0,428.88564427871086,0.0,0.8091826085132999,1.0,71,channel_71,192,96.0,discrete_like,False,0.35290310406985687,True,True
95,95,1.0,0.5076863795663809,0.6561222103147972,60.63157894736842,0.0,1.0,400.2816201128651,0.0,0.7242071188505831,1.0,72,channel_72,192,96.0,discrete_like,False,0.32301790080698634,True,True
95,95,1.0,0.5507024545811752,0.6404009166791345,120.0,0.03037364904351847,1.0,199.43686869218527,0.0,0.2068607967996052,1.0,73,channel_73,192,96.0,discrete_like,False,0.2877305599479005,True,True
95,95,1.0,0.5980988722332955,0.5764858922944457,120.0,0.03037364904351847,0.9368421052631579,127.78226532481011,0.0,0.35120023010278684,1.0,74,channel_74,192,96.0,discrete_like,False,0.2170572567649601,True,True
95,95,1.0,0.6008537600285059,0.5593471515148857,60.63157894736842,0.0,0.968421052631579,146.92209769931372,0.0,0.5483823103113685,1.0,75,channel_75,192,96.0,discrete_like,False,0.21621095513332386,True,True
95,95,1.0,0.5859078577478439,0.5711166376272332,60.63157894736842,0.0,1.0,181.87283264553193,0.0,0.5817054791026294,1.0,76,channel_76,192,96.0,discrete_like,False,0.23649491195090933,True,True
96,1,0.010416666666666666,0.5406152763180962,0.4028937779229844,5760.0,0.0,1.0,716.5225946347512,0.0,0.0049361356552998685,0.3333333333333333,1,channel_1,384,192.0,continuous,False,0.0019279504879615467,False,False
96,2,0.020833333333333332,0.5606849754468317,0.3155249590929298,2742.857142857143,0.6111962106682256,0.0,751.8209721152385,0.0,0.00439457520035069,0.3333333333333333,2,channel_2,384,192.0,continuous,False,0.0,False,False
96,24,0.25,0.5504594629054488,0.374052103222159,8640.0,1.1462406251802886,0.0,1669.126036309978,0.5,0.005088780714625204,0.3333333333333333,3,channel_3,384,192.0,continuous,False,0.0,False,False
96,0,0.0,,,,,0.0,,,,,4,channel_4,384,192.0,continuous,True,,False,False
96,0,0.0,,,,,0.0,,,,,5,channel_5,384,192.0,continuous,True,,False,False
96,0,0.0,,,,,0.0,,,,,6,channel_6,384,192.0,continuous,True,,False,False
96,0,0.0,,,,,0.0,,,,,7,channel_7,384,192.0,continuous,True,,False,False
96,0,0.0,,,,,0.0,,,,,8,channel_8,384,192.0,discrete_like,True,,False,False
96,0,0.0,,,,,0.0,,,,,9,channel_9,384,192.0,discrete_like,True,,False,False
96,0,0.0,,,,,0.0,,,,,10,channel_10,384,192.0,discrete_like,True,,False,False
96,0,0.0,,,,,0.0,,,,,11,channel_11,384,192.0,discrete_like,True,,False,False
95,95,1.0,0.8246494062554673,0.14141544519621926,1920.0,3.747927513443585,0.06315789473684211,41.22292487393253,0.25263157894736843,0.05656140177491342,0.3333333333333333,12,channel_12,384,192.0,continuous,False,0.0011704866760328756,False,False
95,95,1.0,0.826482760978464,0.12531610041174976,1280.0,2.8073549220576037,0.07368421052631578,33.59081227193336,0.15789473684210525,0.05672676530532937,0.3333333333333333,13,channel_13,384,192.0,continuous,False,0.0013492434458836275,False,False
95,95,1.0,0.8276888473510402,0.12693788790740793,1047.2727272727273,2.4914967873471543,0.1368421052631579,33.91295558577773,0.09473684210526316,0.05788177468334711,0.3333333333333333,14,channel_14,384,192.0,continuous,False,0.0027095629702169094,False,False
89,89,1.0,0.830632697360445,0.12423403611290243,677.6470588235294,1.7004397181410909,0.16853932584269662,30.33996567885502,0.07865168539325842,0.057705255064914154,0.3333333333333333,15,channel_15,384,192.0,continuous,False,0.0032673470292557565,False,False
90,90,1.0,0.8322179112638357,0.12381429656028546,886.1538461538462,1.584962500721156,0.18888888888888888,29.101830468641218,0.044444444444444446,0.057942006621990866,0.3333333333333333,16,channel_16,384,192.0,continuous,False,0.0037495465097924182,False,False
95,95,1.0,0.8223406161366769,0.14032061146532704,3840.0,3.9474088816539705,0.031578947368421054,38.21123473314987,0.35789473684210527,0.05344340109857711,0.3333333333333333,17,channel_17,384,192.0,continuous,False,0.0005054910834187945,False,False
95,95,1.0,0.701947273760023,0.3726633920875539,11520.0,0.0,0.8842105263157894,238.83948818533858,0.8842105263157894,0.037679947351821556,0.3333333333333333,18,channel_18,384,192.0,continuous,False,0.011371940846862763,False,False
95,95,1.0,0.8022390219992769,0.1753536579364599,11520.0,3.5111839065142263,0.631578947368421,62.91732830014348,0.631578947368421,0.05040279264325647,0.3333333333333333,19,channel_19,384,192.0,continuous,False,0.008069144916120666,False,False
95,95,1.0,0.829253005067415,0.1257461718060583,1152.0,3.231080705696435,0.07368421052631578,31.91895430291378,0.21052631578947367,0.05702300366436034,0.3333333333333333,20,channel_20,384,192.0,continuous,False,0.0012489927982365127,False,False
95,95,1.0,0.8305680018617587,0.12345038227866306,960.0,2.87966670359733,0.17894736842105263,29.28863410956807,0.09473684210526316,0.0582035182527295,0.3333333333333333,21,channel_21,384,192.0,continuous,False,0.0033883481997639985,False,False
86,86,1.0,0.8313104784350729,0.12833218198727533,768.0,1.7776075786635523,0.1744186046511628,30.394103748197814,0.08139534883720931,0.058114180452764265,0.3333333333333333,22,channel_22,384,192.0,continuous,False,0.0034685274258068836,False,False
90,90,1.0,0.8250560844006288,0.12903688466107122,623.1578947368421,1.885759364614671,0.16666666666666666,33.302884313853916,0.08888888888888889,0.05769979458700445,0.3333333333333333,23,channel_23,384,192.0,continuous,False,0.0034279367860497838,False,False
90,90,1.0,0.8300506861225482,0.12591689755144625,768.0,1.6291327675113312,0.17777777777777778,31.622010680543458,0.022222222222222223,0.058334978526809675,0.3333333333333333,24,channel_24,384,192.0,continuous,False,0.003719812642590065,False,False
95,95,1.0,0.8157124419166673,0.1543340065923749,5760.0,3.5221970596792254,0.042105263157894736,48.36647603759649,0.49473684210526314,0.05183960389976599,0.3333333333333333,25,channel_25,384,192.0,continuous,False,0.0006050784202982985,False,False
95,95,1.0,0.8172551106019332,0.15440953376038546,11520.0,3.390679856762329,0.5473684210526316,44.23652892131742,0.5473684210526316,0.05377453699276485,0.3333333333333333,26,channel_26,384,192.0,continuous,False,0.0069910746688080765,False,False
95,95,1.0,0.8227820410207669,0.13458033747637208,2880.0,3.753897320099348,0.07368421052631578,35.65411014311097,0.37894736842105264,0.05539994659377152,0.3333333333333333,27,channel_27,384,192.0,continuous,False,0.0010914206953973968,False,False
95,95,1.0,0.8210982326478184,0.15039640267367346,5760.0,3.3219280948873617,0.06315789473684211,46.468641967928384,0.4631578947368421,0.05358649050961775,0.3333333333333333,28,channel_28,384,192.0,continuous,False,0.0009122760959523044,False,False
95,95,1.0,0.8325745825081728,0.12201838920912492,768.0,2.620157164666855,0.12631578947368421,28.664012796966677,0.09473684210526316,0.0581661946373868,0.3333333333333333,29,channel_29,384,192.0,continuous,False,0.002336034028496241,False,False
93,93,1.0,0.8323124246159315,0.12201448207940932,720.0,1.3785116232537291,0.1935483870967742,30.522178860226607,0.021505376344086023,0.05828902905611926,0.3333333333333333,30,channel_30,384,192.0,continuous,False,0.0038748979234321575,False,False
85,85,1.0,0.8291836173248305,0.12925136595217004,768.0,1.4739311883324113,0.16470588235294117,31.923990570557898,0.08235294117647059,0.05868474180609216,0.3333333333333333,31,channel_31,384,192.0,continuous,False,0.0033369480775431817,False,False
90,90,1.0,0.8269980121186791,0.12586631914460356,698.8235294117646,1.6291327675113312,0.15555555555555556,30.701866741406512,0.1,0.057823042280203324,0.3333333333333333,32,channel_32,384,192.0,continuous,False,0.0030485172787049646,False,False
90,90,1.0,0.832970369811638,0.1241181949600313,744.0,1.584962500721156,0.1,28.619858372678866,0.06666666666666667,0.05863131109447291,0.3333333333333333,33,channel_33,384,192.0,continuous,False,0.0019349321790232982,False,False
95,95,1.0,0.825509558815177,0.1318406972768515,1152.0,3.523561956057012,0.042105263157894736,34.73592968569874,0.22105263157894736,0.05518555490822951,0.3333333333333333,34,channel_34,384,192.0,continuous,False,0.0007545110985540104,False,False
95,95,1.0,0.8088570132444953,0.170395717017837,11520.0,3.4594316186372964,0.5684210526315789,51.3872414857521,0.5684210526315789,0.052266112913621834,0.3333333333333333,35,channel_35,384,192.0,continuous,False,0.007990012306529995,False,False
95,95,1.0,0.8211406486892512,0.14220323362427134,1920.0,4.2849278041654735,0.031578947368421054,37.12740817097525,0.3684210526315789,0.05570109794350422,0.3333333333333333,36,channel_36,384,192.0,continuous,False,0.0005072784555854899,False,False
95,95,1.0,0.8271386556373551,0.13226089377158423,1645.7142857142858,4.321928094887362,0.042105263157894736,33.19917092718433,0.37894736842105264,0.055528816780004146,0.3333333333333333,37,channel_37,384,192.0,continuous,False,0.0005978526131118891,False,False
93,93,1.0,0.8302601340295458,0.12329181291390191,677.6470588235294,2.485426827170242,0.08602150537634409,29.76162827663103,0.10752688172043011,0.05872560129189611,0.3333333333333333,38,channel_38,384,192.0,continuous,False,0.0016066462909826175,False,False
85,85,1.0,0.8311159434960022,0.12418223133741127,822.8571428571429,1.7776075786635523,0.10588235294117647,30.19640951964563,0.058823529411764705,0.05914506271343662,0.3333333333333333,39,channel_39,384,192.0,continuous,False,0.0020899830119398654,False,False
90,90,1.0,0.8315434240534787,0.1254706077489739,960.0,2.1658930838543817,0.12222222222222222,31.09290446067816,0.12222222222222222,0.05743112422683572,0.3333333333333333,40,channel_40,384,192.0,continuous,False,0.002267591018410633,False,False
95,95,1.0,0.26606592433714954,0.9284509916917597,2880.0,0.0,1.0,2551.6063100403762,0.0,0.015015314266909325,1.0,41,channel_41,384,192.0,discrete_like,False,0.6814218203855485,True,True
95,95,1.0,0.3866602066225424,0.8237444388466993,2880.0,0.0,1.0,816.7071772027592,0.0,0.04283318751341763,1.0,42,channel_42,384,192.0,continuous,False,0.5052352439180643,True,True
95,95,1.0,0.26667767866745923,0.9302999122594224,2880.0,0.0,1.0,2552.209861949571,0.0,0.0159890226125907,1.0,43,channel_43,384,192.0,discrete_like,False,0.6822096911935387,True,True
95,95,1.0,0.3784991598289836,0.8297735292424893,2880.0,0.0,1.0,856.7591277571646,0.0,0.03815789507444236,1.0,44,channel_44,384,192.0,discrete_like,False,0.5157049455758765,True,True
95,95,1.0,0.2635165855190124,0.9299715266194992,2880.0,0.0,1.0,2735.2837455477916,0.0,0.015020316341621187,1.0,45,channel_45,384,192.0,discrete_like,False,0.6849086052948253,True,True
95,95,1.0,0.3876261059189208,0.8235500598050053,2880.0,0.0,1.0,794.445479909969,0.0,0.04400545271542571,1.0,46,channel_46,384,192.0,discrete_like,False,0.5043205570934968,True,True
93,93,1.0,0.9286521789424037,0.0672112904439391,117.55102040816327,1.8875252707415875,0.12903225806451613,6.735526874040676,0.08602150537634409,0.2557754865784402,1.0,47,channel_47,384,192.0,discrete_like,False,0.0005655320506552416,False,False
93,93,1.0,0.9255467609705588,0.07006750854903529,149.6103896103896,2.2674803108649852,0.15053763440860216,6.88030649184818,0.08602150537634409,0.24668980037954966,1.0,48,channel_48,384,192.0,discrete_like,False,0.0007177634437526307,False,False
92,92,1.0,0.9278313950670283,0.06865401970035681,151.57894736842104,2.44666693868479,0.17391304347826086,6.62089566408828,0.11956521739130435,0.2457182378659274,1.0,49,channel_49,384,192.0,discrete_like,False,0.0007586537822496336,False,False
92,92,1.0,0.832796108110029,0.1216993545124067,886.1538461538462,2.1948477648839777,0.17391304347826086,28.273152202479658,0.11956521739130435,0.057851760409807176,0.3333333333333333,50,channel_50,384,192.0,discrete_like,False,0.0031157600433132475,False,False
93,93,1.0,0.8306627045204588,0.12383041493915084,1152.0,2.8744691179161403,0.043010752688172046,32.02442621849367,0.16129032258064516,0.05754763908925874,0.3333333333333333,51,channel_51,384,192.0,discrete_like,False,0.0007564298254062224,False,False
93,93,1.0,0.8271628557299624,0.1308818089757469,1047.2727272727273,2.39231742277876,0.0967741935483871,34.37946457649903,0.12903225806451613,0.05643504041807593,0.3333333333333333,52,channel_52,384,192.0,discrete_like,False,0.0019066808388360438,False,False
96,96,1.0,0.9272205539715705,0.06847639106207142,112.94117647058823,1.7401796335253508,0.13541666666666666,6.637017174960601,0.0,0.25927786645240547,1.0,53,channel_53,384,192.0,discrete_like,False,0.0006748724947688283,False,False
96,96,1.0,0.9223634176732343,0.0739887610011969,122.56706281833615,1.8219772740669224,0.15625,7.412174034873347,0.010416666666666666,0.2499767398711665,1.0,54,channel_54,384,192.0,discrete_like,False,0.0008881873059877241,False,False
96,96,1.0,0.9225983324009668,0.07330487467018507,141.3975903614458,1.6538461142429037,0.14583333333333334,7.492565905992521,0.0,0.2593804450117546,1.0,55,channel_55,384,192.0,discrete_like,False,0.0008274465999640247,False,False
96,96,1.0,0.9212971059854385,0.07358845199269648,108.17139834244401,1.566261955460197,0.17708333333333334,7.824663515934105,0.0,0.2566199615155492,1.0,56,channel_56,384,192.0,discrete_like,False,0.001025600107749024,False,False
93,93,1.0,0.9261574874984558,0.0710447737916558,213.33333333333334,5.768184324776925,0.06451612903225806,7.286360002523266,0.21505376344086022,0.24944642211908302,1.0,57,channel_57,384,192.0,continuous,False,0.0002656726296026497,False,False
93,93,1.0,0.92733832707112,0.06963948150457931,133.95348837209303,2.6951454184715784,0.12903225806451613,6.800333875258099,0.11827956989247312,0.253477067685283,1.0,58,channel_58,384,192.0,continuous,False,0.0005756919052346135,False,False
93,93,1.0,0.9252365653134023,0.07002380526605542,182.85714285714286,4.768184324776925,0.15053763440860216,7.026303656970109,0.11827956989247312,0.24960806313829384,1.0,59,channel_59,384,192.0,continuous,False,0.0006948818105977695,False,False
93,93,1.0,0.9281352712768862,0.06894749730100477,132.41379310344828,2.40880554556733,0.07526881720430108,6.802452410396606,0.06451612903225806,0.24462874843325033,1.0,60,channel_60,384,192.0,continuous,False,0.00034888772719524405,False,False
96,4,0.041666666666666664,0.38612574308501413,0.7637482406808753,11520.0,0.25,0.75,3626.9920468673677,0.75,0.002726086136826289,0.033854166666666664,61,channel_61,384,192.0,continuous,False,0.0036628545602976573,False,False
96,4,0.041666666666666664,0.38612574308497566,0.7637482406809197,11520.0,0.25,0.75,3626.9920468691134,0.75,0.002726086136825888,0.033854166666666664,62,channel_62,384,192.0,continuous,False,0.0036628545602981,False,False
96,4,0.041666666666666664,0.38612574308497505,0.7637482406809208,11520.0,0.25,0.75,3626.992046869157,0.75,0.0027260861368257933,0.033854166666666664,63,channel_63,384,192.0,continuous,False,0.003662854560298109,False,False
96,16,0.16666666666666666,0.7677760058035654,0.13698174429489854,7680.0,1.584962500721156,0.0,52.855737306062586,0.5,0.025926402071924464,0.16666666666666666,64,channel_64,384,192.0,discrete_like,False,0.0,False,False
96,43,0.4479166666666667,0.7738489523545182,0.13879992058294924,5760.0,1.584962500721156,0.16279069767441862,56.246105978397814,0.37209302325581395,0.027422177399059906,0.16666666666666666,65,channel_65,384,192.0,discrete_like,False,0.0014371759371623906,False,False
93,68,0.7311827956989247,0.7360143943461362,0.19952385655151048,2304.0,2.4432848016799227,0.11764705882352941,107.99322867782558,0.20588235294117646,0.027608112609788692,0.16666666666666666,66,channel_66,384,192.0,discrete_like,False,0.003598048083698718,False,False
96,92,0.9583333333333334,0.7285355584771744,0.21358874224198554,1782.857142857143,2.1422060183990634,0.05434782608695652,146.45580111776562,0.13043478260869565,0.027620600453871533,0.16666666666666666,67,channel_67,384,192.0,discrete_like,False,0.0026259849922229774,False,False
96,80,0.8333333333333334,0.754375128218395,0.1586272616569931,2880.0,2.169925001442312,0.075,71.99737613460294,0.1625,0.027669587967216677,0.16666666666666666,68,channel_68,384,192.0,discrete_like,False,0.0020394591046663467,False,False
96,24,0.25,0.7837855158389142,0.1223086391920945,3840.0,2.0804820237218404,0.16666666666666666,59.7311816010244,0.3333333333333333,0.02750933413262189,0.16666666666666666,69,channel_69,384,192.0,discrete_like,False,0.0007345805369823077,False,False
95,95,1.0,0.5271772987358362,0.5780618103376767,60.63157894736842,0.0,1.0,570.151515531533,0.0,0.5655640920385353,1.0,70,channel_70,384,192.0,discrete_like,False,0.273320746661513,True,True
94,94,1.0,0.4719013080358617,0.6402753966274093,60.63157894736842,0.0,1.0,937.9115198461457,0.0,0.7890688424767842,1.0,71,channel_71,384,192.0,discrete_like,False,0.3381285994557547,True,True
95,95,1.0,0.48813048705484524,0.6168801540354942,60.63157894736842,0.0,1.0,899.0035557962472,0.0,0.6948384059563929,1.0,72,channel_72,384,192.0,discrete_like,False,0.31576214399168046,True,True
95,95,1.0,0.5281238160736074,0.5849954041678619,121.26315789473684,0.0,1.0,541.7862547700702,0.0,0.19213545423326256,1.0,73,channel_73,384,192.0,discrete_like,False,0.2760453989332084,True,True
95,95,1.0,0.5770482151736533,0.5352552842796071,121.26315789473684,0.0,1.0,346.6758137602637,0.0,0.3196872561087998,1.0,74,channel_74,384,192.0,discrete_like,False,0.2263871778237934,True,True
95,95,1.0,0.5796457864081497,0.5300136050206854,60.63157894736842,0.0,0.9157894736842105,334.73534990800766,0.010526315789473684,0.5155777634688866,1.0,75,channel_75,384,192.0,discrete_like,False,0.20188419407545843,True,True
95,95,1.0,0.5690164925786578,0.543176716303181,60.63157894736842,0.0,1.0,378.5500742324248,0.0,0.5434831020927784,1.0,76,channel_76,384,192.0,discrete_like,False,0.23410020634195228,True,True
96,2,0.020833333333333332,0.29866266596235935,0.6595656397640358,43200.0,0.0,1.0,142595815.60985774,1.0,0.0018692245099172433,0.4184027777777778,1,channel_1,1440,720.0,continuous,False,0.0,False,False
96,4,0.041666666666666664,0.5842628503640384,0.2898057936923908,43200.0,0.5,0.75,9168.747838543939,0.75,0.0036021316944985183,0.3333333333333333,2,channel_2,1440,720.0,continuous,False,0.0009412737079504852,False,False
96,54,0.5625,0.6493213802420085,0.10179319863338154,43200.0,1.584962500721156,0.5185185185185185,1458.2691588602906,0.5185185185185185,0.004573561393087667,0.3333333333333333,3,channel_3,1440,720.0,continuous,False,0.005012962274958308,False,False
96,1,0.010416666666666666,0.024789225025371314,0.9993462999539781,43200.0,0.0,1.0,3455596.712015153,1.0,5.029098634136552e-05,0.25277777777777777,4,channel_4,1440,720.0,continuous,True,0.0,False,False
96,1,0.010416666666666666,0.02478922502537171,0.999346299953975,43200.0,0.0,1.0,3455596.7120151906,1.0,5.0290986341365315e-05,0.25277777777777777,5,channel_5,1440,720.0,continuous,True,0.0,False,False
96,1,0.010416666666666666,0.024789225025371262,0.9993462999539785,43200.0,0.0,1.0,3455596.7120151953,1.0,5.029098634136529e-05,0.25277777777777777,6,channel_6,1440,720.0,continuous,True,0.0,False,False
96,1,0.010416666666666666,0.02478922502537158,0.999346299953976,43200.0,0.0,1.0,3455596.7120151822,1.0,5.029098634136535e-05,0.25277777777777777,7,channel_7,1440,720.0,continuous,True,0.0,False,False
96,0,0.0,,,,,0.0,,,,,8,channel_8,1440,720.0,discrete_like,True,,False,False
96,0,0.0,,,,,0.0,,,,,9,channel_9,1440,720.0,discrete_like,True,,False,False
96,0,0.0,,,,,0.0,,,,,10,channel_10,1440,720.0,discrete_like,True,,False,False
96,0,0.0,,,,,0.0,,,,,11,channel_11,1440,720.0,discrete_like,True,,False,False
95,95,1.0,0.6261663060811542,0.44239288711214203,43200.0,0.0,1.0,1374.7396519325807,1.0,0.03116474652890427,0.3333333333333333,12,channel_12,1440,720.0,continuous,False,0.0,False,False
95,95,1.0,0.7629595057071725,0.24071264616725968,43200.0,0.0,0.8631578947368421,509.6047242426506,0.8631578947368421,0.043551541393661124,0.3333333333333333,13,channel_13,1440,720.0,continuous,False,0.006739558468210875,False,False
95,95,1.0,0.8524835750487976,0.052309967073399355,1489.655172413793,3.279951901560368,0.06315789473684211,51.940463405492586,0.05263157894736842,0.05542675499392222,0.3333333333333333,14,channel_14,1440,720.0,continuous,False,0.0004617122259579848,False,False
89,89,1.0,0.8471609370404519,0.07074926007726759,43200.0,2.3219280948873617,0.6404494382022472,87.6233654663231,0.6404494382022472,0.0538110013504413,0.3333333333333333,15,channel_15,1440,720.0,continuous,False,0.002490009988926989,False,False
90,90,1.0,0.8553357170477683,0.04931097846147831,873.5294117647059,2.0998144154268203,0.14444444444444443,48.068411612141034,0.05555555555555555,0.05698485915885686,0.3333333333333333,16,channel_16,1440,720.0,continuous,False,0.0009731554026650597,False,False
95,95,1.0,0.5351655922164018,0.5538961088459743,43200.0,0.0,0.8631578947368421,2182.072053513226,0.8631578947368421,0.024165860228137756,0.3333333333333333,17,channel_17,1440,720.0,continuous,False,0.030411411382955753,False,False
95,95,1.0,0.3515893593117756,0.7932056024468561,43200.0,1.0,0.5789473684210527,6353.495042504528,0.5789473684210527,0.008853655340276474,0.3333333333333333,18,channel_18,1440,720.0,continuous,False,0.12537512424776964,False,False
95,95,1.0,0.23297533422123465,0.864474170589884,43200.0,0.0,1.0,13901.24211941679,1.0,0.007191218963139606,0.3333333333333333,19,channel_19,1440,720.0,continuous,False,0.0,False,False
95,95,1.0,0.6520020216633563,0.40585726911089715,43200.0,0.0,1.0,1211.7468715367138,1.0,0.03399768207699845,0.3333333333333333,20,channel_20,1440,720.0,continuous,False,0.0,False,False
95,95,1.0,0.8547104680199116,0.050373064536148246,1200.0,3.4272115878571903,0.05263157894736842,47.424257907490365,0.05263157894736842,0.05596698808813212,0.3333333333333333,21,channel_21,1440,720.0,continuous,False,0.00036492028109550096,False,False
86,86,1.0,0.8553246474221017,0.049069859030799086,855.5294117647059,1.9114443839751907,0.13953488372093023,47.53159709997473,0.05813953488372093,0.05633961414843788,0.3333333333333333,22,channel_22,1440,720.0,continuous,False,0.0009329937236146869,False,False
89,89,1.0,0.8496432322597213,0.058335524664016314,21600.0,5.523561956057012,0.10112359550561797,62.78573288705241,0.4943820224719101,0.055355177947927596,0.3333333333333333,23,channel_23,1440,720.0,continuous,False,0.0004484676275508768,False,False
90,90,1.0,0.8560252374696135,0.0486473458461428,1066.829268292683,2.401092847165744,0.16666666666666666,47.20715764578914,0.044444444444444446,0.057281714138962464,0.3333333333333333,24,channel_24,1440,720.0,continuous,False,0.00111545026975954,False,False
95,95,1.0,0.36802496353972347,0.740811250863617,43200.0,0.0,1.0,5758.576595896715,1.0,0.013212470693319787,0.3333333333333333,25,channel_25,1440,720.0,continuous,False,0.0,False,False
95,95,1.0,0.5660859795478519,0.5385294705928977,43200.0,1.0,0.7052631578947368,1902.3290512734304,0.7052631578947368,0.025131677872293198,0.3333333333333333,26,channel_26,1440,720.0,continuous,False,0.04857343102016208,False,False
95,95,1.0,0.5497832140503229,0.538955507778881,43200.0,0.0,0.9578947368421052,2153.318149024844,0.9578947368421052,0.025480077540364097,0.3333333333333333,27,channel_27,1440,720.0,continuous,False,0.009786530880828655,False,False
95,95,1.0,0.3343692925977477,0.7700752963961806,43200.0,0.0,1.0,7128.708651629297,1.0,0.012990068137508156,0.3333333333333333,28,channel_28,1440,720.0,continuous,False,0.0,False,False
95,95,1.0,0.8535223710842934,0.05099721494843319,1167.5675675675675,2.60708595726574,0.11578947368421053,50.534621529516066,0.031578947368421054,0.05623304392769779,0.3333333333333333,29,channel_29,1440,720.0,continuous,False,0.0008376277607174001,False,False
93,93,1.0,0.853739976790524,0.04991843567049924,685.7142857142857,1.7842713089445628,0.1827956989247312,48.08847224978431,0.010752688172043012,0.057039996359873495,0.3333333333333333,30,channel_30,1440,720.0,continuous,False,0.0013202538928715221,False,False
85,85,1.0,0.855236541246511,0.04882038913441322,939.1304347826087,2.087462841250341,0.16470588235294117,47.996411987046635,0.03529411764705882,0.05659717633999613,0.3333333333333333,31,channel_31,1440,720.0,continuous,False,0.0011229598381079125,False,False
90,90,1.0,0.8556709436328949,0.0493103558291942,807.5471698113208,2.2560470589399415,0.14444444444444443,46.91616616521192,0.06666666666666667,0.05740555270278202,0.3333333333333333,32,channel_32,1440,720.0,continuous,False,0.000959465864387843,False,False
90,90,1.0,0.8513142195746735,0.054719877444386084,5760.0,5.982684334390722,0.0,55.78312970909693,0.34444444444444444,0.05506912756745555,0.3333333333333333,33,channel_33,1440,720.0,continuous,False,0.0,False,False
95,95,1.0,0.7593471595839176,0.2471210442501392,43200.0,1.0,0.6842105263157895,508.77420865733114,0.6842105263157895,0.04245093875804518,0.3333333333333333,34,channel_34,1440,720.0,continuous,False,0.012849556054238176,False,False
95,95,1.0,0.3062325259396627,0.8207088012955415,43200.0,0.0,0.9368421052631579,7896.307218127104,0.9368421052631579,0.009877164059757595,0.3333333333333333,35,channel_35,1440,720.0,continuous,False,0.03368969445489416,False,False
95,95,1.0,0.31049013651218976,0.7938057075315742,43200.0,0.0,1.0,8123.362219408169,1.0,0.011364977286497761,0.3333333333333333,36,channel_36,1440,720.0,continuous,False,0.0,False,False
95,95,1.0,0.4404463472058088,0.6625322525865716,43200.0,0.0,1.0,3999.9941908747937,1.0,0.01966498913069141,0.3333333333333333,37,channel_37,1440,720.0,continuous,False,0.0,False,False
93,93,1.0,0.8583684455142578,0.046833943602492045,757.8947368421053,1.762500686273345,0.16129032258064516,44.36562692941511,0.010752688172043012,0.057065018441016725,0.3333333333333333,38,channel_38,1440,720.0,continuous,False,0.001058361272339411,False,False
85,85,1.0,0.8533675204048986,0.049962354126808974,815.0943396226415,1.815575428862573,0.12941176470588237,48.22401100503861,0.03529411764705882,0.05660926715905464,0.3333333333333333,39,channel_39,1440,720.0,continuous,False,0.0009146222411853755,False,False
90,90,1.0,0.8529574989857315,0.0525873507866657,3960.0,5.918713765512624,0.03333333333333333,54.23202931448829,0.36666666666666664,0.05599530416850551,0.3333333333333333,40,channel_40,1440,720.0,continuous,False,0.00016324326227370412,False,False
94,94,1.0,0.23908789089192534,0.9062256875000065,2880.0,0.0,1.0,8473.956674623823,0.0,0.01510094219720082,1.0,41,channel_41,1440,720.0,discrete_like,False,0.6895580992035449,True,True
94,94,1.0,0.35061630332066196,0.8075470324790389,2880.0,0.0,1.0,2805.8125200594477,0.0,0.04117919704205865,1.0,42,channel_42,1440,720.0,continuous,False,0.5244078771936678,True,True
94,94,1.0,0.24049863323092602,0.9024404008794435,2880.0,0.0,1.0,8462.269497625737,0.0,0.01586087583273693,1.0,43,channel_43,1440,720.0,discrete_like,False,0.6854047178955684,True,True
94,94,1.0,0.34359916671978075,0.8112556251919599,2880.0,0.0,1.0,2937.1596721684427,0.0,0.03927985384676804,1.0,44,channel_44,1440,720.0,discrete_like,False,0.5325088683792677,True,True
94,94,1.0,0.236939666949855,0.9079819091990216,2880.0,0.0,1.0,8627.494634420564,0.0,0.014491192063837931,1.0,45,channel_45,1440,720.0,discrete_like,False,0.6928449780369119,True,True
94,94,1.0,0.36313576507418377,0.7940074583783007,2880.0,0.0,1.0,2542.3106000420107,0.0,0.04475520838450675,1.0,46,channel_46,1440,720.0,discrete_like,False,0.5056749525054883,True,True
91,91,1.0,0.9298932181150462,0.04219412242294848,43200.0,1.0,0.7252747252747253,25.730843648652826,0.7252747252747253,0.23975395118994633,1.0,47,channel_47,1440,720.0,discrete_like,False,0.0005894040969603832,False,False
91,91,1.0,0.9278427035735032,0.05478791887757582,43200.0,1.0,0.7032967032967034,28.3399125558558,0.7032967032967034,0.23200371583630153,1.0,48,channel_48,1440,720.0,discrete_like,False,0.0008249469293627933,False,False
91,91,1.0,0.9257847899497962,0.054782792706179334,43200.0,0.0,0.8021978021978022,33.30755314856883,0.8021978021978022,0.23400854761277146,1.0,49,channel_49,1440,720.0,discrete_like,False,0.0006451336117284382,False,False
91,91,1.0,0.846197837575084,0.06320538140428263,21600.0,4.906088652757223,0.08791208791208792,76.61219919488748,0.45054945054945056,0.053846067677846624,0.3333333333333333,50,channel_50,1440,720.0,discrete_like,False,0.00046956282269630434,False,False
91,91,1.0,0.842469204912384,0.07745678636693396,43200.0,3.814678310039806,0.5494505494505495,106.38550833495823,0.5494505494505495,0.05327330880279629,0.3333333333333333,51,channel_51,1440,720.0,discrete_like,False,0.0030206194589657265,False,False
91,91,1.0,0.8433327343710779,0.07687228905126121,43200.0,2.3219280948873617,0.6263736263736264,106.9479261738071,0.6263736263736264,0.052783980792138675,0.3333333333333333,52,channel_52,1440,720.0,discrete_like,False,0.0028185066579205424,False,False
96,96,1.0,0.9379597172291434,0.02481299629571672,117.56168359941945,1.3990862719867696,0.21875,9.403312319637866,0.0,0.2507177246433571,1.0,53,channel_53,1440,720.0,discrete_like,False,0.0003367449108140431,False,False
96,96,1.0,0.936835450791612,0.025503945583073773,119.42815249266863,1.36771488537687,0.11458333333333333,9.997467652453333,0.0,0.24999491005516083,1.0,54,channel_54,1440,720.0,discrete_like,False,0.00018458747378845042,False,False
96,96,1.0,0.9364880293477486,0.02481579981960452,129.1713596138375,1.5612872173388403,0.125,9.563202651287893,0.0,0.2481746515358726,1.0,55,channel_55,1440,720.0,discrete_like,False,0.00019701254373185863,False,False
96,96,1.0,0.9362288410017435,0.025203883868050454,116.78746785129763,1.442660228157778,0.1875,9.467135632644101,0.0,0.24768588817744736,1.0,56,channel_56,1440,720.0,discrete_like,False,0.0003013651660355694,False,False
93,93,1.0,0.8827139028357796,0.140635349370369,43200.0,0.0,0.9354838709677419,115.31126410787256,0.9354838709677419,0.2089716182310471,1.0,57,channel_57,1440,720.0,continuous,False,0.0009955100234720893,False,False
93,93,1.0,0.8922503445788461,0.12107912509537613,43200.0,0.0,0.967741935483871,97.70242777862886,0.967741935483871,0.21721508576837556,1.0,58,channel_58,1440,720.0,continuous,False,0.00040727057256154694,False,False
93,93,1.0,0.8663456407097732,0.16947440875759567,43200.0,0.0,0.967741935483871,144.5686011249774,0.967741935483871,0.20067489441638106,1.0,59,channel_59,1440,720.0,continuous,False,0.0007071069776874018,False,False
93,93,1.0,0.9046921159045607,0.09686190050765953,43200.0,0.0,0.989247311827957,79.56601831650798,0.989247311827957,0.22179460016076757,1.0,60,channel_60,1440,720.0,continuous,False,9.819824909122609e-05,False,False
96,17,0.17708333333333334,0.23993054656205218,0.8495252207553597,43200.0,0.0,0.7647058823529411,119631.82993197245,0.7647058823529411,0.0004666599681459539,0.03333333333333333,61,channel_61,1440,720.0,continuous,False,0.02057371620803093,False,False
96,17,0.17708333333333334,0.2399305465620401,0.8495252207553701,43200.0,0.0,0.7647058823529411,119631.82993198813,0.7647058823529411,0.0004666599681459428,0.03333333333333333,62,channel_62,1440,720.0,continuous,False,0.020573716208031504,False,False
96,17,0.17708333333333334,0.23993054656203186,0.849525220755379,43200.0,0.0,0.7647058823529411,119631.82993200974,0.7647058823529411,0.0004666599681458882,0.03333333333333333,63,channel_63,1440,720.0,continuous,False,0.020573716208031945,False,False
96,52,0.5416666666666666,0.822996505064232,0.04149135626410767,18000.0,2.0804820237218404,0.0,65.34550309477233,0.40384615384615385,0.026973320962554868,0.16666666666666666,64,channel_64,1440,720.0,discrete_like,False,0.0,False,False
96,76,0.7916666666666666,0.8104637698810484,0.04682982705426447,9720.0,3.0,0.09210526315789473,83.1504130032364,0.23684210526315788,0.027143639096864805,0.16666666666666666,65,channel_65,1440,720.0,discrete_like,False,0.0004939193042841333,False,False
93,88,0.946236559139785,0.7621328001022947,0.10906550411432354,43200.0,3.042481250360577,0.6704545454545454,355.409445710382,0.6704545454545454,0.02619264306905726,0.16666666666666666,66,channel_66,1440,720.0,discrete_like,False,0.005423833636881726,False,False
96,96,1.0,0.7745546427005785,0.08380686311120453,1440.0,1.7725383404053758,0.09375,205.74567305178255,0.0,0.027373424890251283,0.16666666666666666,67,channel_67,1440,720.0,discrete_like,False,0.0017713001435858636,False,False
96,94,0.9791666666666666,0.7836442125479088,0.07169113203107763,1878.2608695652175,2.417777921721264,0.0851063829787234,152.72629030463315,0.06382978723404255,0.02772974869480638,0.16666666666666666,68,channel_68,1440,720.0,discrete_like,False,0.0012100617344898725,False,False
96,48,0.5,0.7864065963351479,0.05979685891074854,10800.0,4.523561956057012,0.125,122.17825421159411,0.2916666666666667,0.02719499928852838,0.16666666666666666,69,channel_69,1440,720.0,discrete_like,False,0.0005654365848818575,False,False
95,95,1.0,0.4496427727866906,0.5925194334649332,60.589060308555396,0.0,1.0,2453.9187760880754,0.0,0.562251410421193,1.0,70,channel_70,1440,720.0,discrete_like,False,0.3260973524717616,True,True
95,95,1.0,0.4064686918744211,0.6640842034224796,60.589060308555396,0.0,1.0,4136.957905611338,0.0,0.7841764785199653,1.0,71,channel_71,1440,720.0,discrete_like,False,0.39415476596287735,True,True
95,95,1.0,0.41798041769117905,0.6416127934830683,60.589060308555396,0.0,1.0,3894.383803780604,0.0,0.6864238151686085,1.0,72,channel_72,1440,720.0,discrete_like,False,0.37343121006701124,True,True
95,95,1.0,0.46506342719611876,0.6143938661119507,121.34831460674157,0.0,1.0,2160.727999512195,0.0,0.19134422444656107,1.0,73,channel_73,1440,720.0,discrete_like,False,0.3286617490896536,True,True
95,95,1.0,0.5107398699396597,0.5465009972880788,121.34831460674157,0.0,1.0,1344.2199484791086,0.0,0.3147622236153703,1.0,74,channel_74,1440,720.0,discrete_like,False,0.2673811490112711,True,True
95,95,1.0,0.519265727922269,0.5234687486424404,60.589060308555396,0.0,0.9789473684210527,1237.4501755463114,0.0,0.5037115366565099,1.0,75,channel_75,1440,720.0,discrete_like,False,0.2463514864059788,True,True
95,95,1.0,0.5141790379392132,0.537229784063828,60.589060308555396,0.0,1.0,1429.5645412796189,0.0,0.5355815262626966,1.0,76,channel_76,1440,720.0,discrete_like,False,0.2609974905415977,True,True
96,6,0.0625,0.32292946821996,0.6098187906471073,86400.0,0.0,0.8333333333333334,5717800.277034117,0.8333333333333334,0.0019556779802644675,0.3362847222222222,1,channel_1,2880,1440.0,continuous,False,0.003584117472855016,False,False
96,9,0.09375,0.39498680532702574,0.5799569473635418,86400.0,0.0,0.7777777777777778,99217.68059313712,0.7777777777777778,0.0005352165450273019,0.3350694444444444,2,channel_2,2880,1440.0,continuous,False,0.00568558157055652,False,False
96,81,0.84375,0.6869204632460121,0.052088582448920284,28800.0,2.8073549220576037,0.14814814814814814,1613.0260865322493,0.4074074074074074,0.00463709160991109,0.3333333333333333,3,channel_3,2880,1440.0,continuous,False,0.0012079903157985088,False,False
96,1,0.010416666666666666,0.8014243338794349,0.25794195654612856,86400.0,0.0,1.0,572.7245355234672,1.0,0.07346903135223158,0.28020833333333334,4,channel_4,2880,1440.0,continuous,True,0.0,False,False
96,1,0.010416666666666666,0.7972760403840988,0.26050638635482987,86400.0,0.0,1.0,578.5904313451441,1.0,0.07961244302947218,0.28020833333333334,5,channel_5,2880,1440.0,continuous,True,0.0,False,False
96,1,0.010416666666666666,0.7982773343014217,0.26059750963365463,86400.0,0.0,1.0,589.530552212884,1.0,0.0719653213108218,0.28020833333333334,6,channel_6,2880,1440.0,continuous,True,0.0,False,False
96,1,0.010416666666666666,0.8045747581020722,0.25590697395198164,86400.0,0.0,1.0,571.5909866924973,1.0,0.06604053367007746,0.28020833333333334,7,channel_7,2880,1440.0,continuous,True,0.0,False,False
96,0,0.0,,,,,0.0,,,,,8,channel_8,2880,1440.0,discrete_like,True,,False,False
96,0,0.0,,,,,0.0,,,,,9,channel_9,2880,1440.0,discrete_like,True,,False,False
96,0,0.0,,,,,0.0,,,,,10,channel_10,2880,1440.0,discrete_like,True,,False,False
96,0,0.0,,,,,0.0,,,,,11,channel_11,2880,1440.0,discrete_like,True,,False,False
93,93,1.0,0.34019061850023535,0.7799677882774414,86400.0,0.0,1.0,11899.074169294856,1.0,0.011610533767168345,0.3333333333333333,12,channel_12,2880,1440.0,continuous,False,0.0,False,False
93,93,1.0,0.5691002878753187,0.5275728859296047,86400.0,0.0,0.8279569892473119,3271.9560513225,0.8279569892473119,0.026061649622335,0.3333333333333333,13,channel_13,2880,1440.0,continuous,False,0.03238198609732039,False,False
93,93,1.0,0.864703904893088,0.0315192106102068,1800.0,5.309855262586787,0.07526881720430108,65.8043209214019,0.03225806451612903,0.054925880433363196,0.3333333333333333,14,channel_14,2880,1440.0,continuous,False,0.0003106241708105442,False,False
88,88,1.0,0.7811455605392366,0.2107267003007077,86400.0,0.0,0.9772727272727273,814.5417655581141,0.9772727272727273,0.04450289414870666,0.3333333333333333,15,channel_15,2880,1440.0,continuous,False,0.0010243256077325869,False,False
89,89,1.0,0.8649131719937633,0.03146784189009251,1393.5483870967741,5.845490050944376,0.06741573033707865,65.57125707729155,0.2247191011235955,0.05597457713657849,0.3333333333333333,16,channel_16,2880,1440.0,continuous,False,0.00022217761031254038,False,False
93,93,1.0,0.2875344836485221,0.8373316376678595,86400.0,0.0,0.7526881720430108,18692.997991478565,0.7526881720430108,0.008011561594500328,0.3333333333333333,17,channel_17,2880,1440.0,continuous,False,0.11105070728609329,False,False
93,93,1.0,0.27978484985593816,0.7662482849609846,86400.0,0.0,0.7526881720430108,29627.023832653565,0.7526881720430108,0.00423331088987423,0.3333333333333333,18,channel_18,2880,1440.0,continuous,False,0.10272868932793348,False,False
93,93,1.0,0.12899084483091514,0.9749484912298143,86400.0,0.0,1.0,144567.82557167692,1.0,0.0012325453248217938,0.3333333333333333,19,channel_19,2880,1440.0,continuous,False,0.0,False,False
93,93,1.0,0.3415118168595946,0.7876668846053232,86400.0,0.0,1.0,11697.859380310163,1.0,0.011631550837662997,0.3333333333333333,20,channel_20,2880,1440.0,continuous,False,0.0,False,False
93,93,1.0,0.8646443924026784,0.03128299649307456,2057.1428571428573,5.235216461694032,0.043010752688172046,64.99677858986364,0.0967741935483871,0.05519748927837204,0.3333333333333333,21,channel_21,2880,1440.0,continuous,False,0.00016449699887336754,False,False
85,85,1.0,0.8669117337496325,0.02953532370642517,900.0,1.8498596505721405,0.21176470588235294,58.85917826482464,0.023529411764705882,0.05632812966348325,0.3333333333333333,22,channel_22,2880,1440.0,continuous,False,0.0008128197519302239,False,False
88,88,1.0,0.8261802965646347,0.12350724845091948,86400.0,0.0,0.9431818181818182,410.1782745345855,0.9431818181818182,0.04994481488675243,0.3333333333333333,23,channel_23,2880,1440.0,continuous,False,0.0011504670995106624,False,False
89,89,1.0,0.8670587597750316,0.02863404625751889,970.7865168539325,2.523561956057014,0.10112359550561797,55.647980952766645,0.1348314606741573,0.056434443793130624,0.3333333333333333,24,channel_24,2880,1440.0,continuous,False,0.0003330394415021637,False,False
93,93,1.0,0.1999427157056275,0.9217863867051773,86400.0,0.0,1.0,43051.3899593696,1.0,0.003550190033977781,0.3333333333333333,25,channel_25,2880,1440.0,continuous,False,0.0,False,False
93,93,1.0,0.33579078702847714,0.7872481146908834,86400.0,0.0,0.8709677419354839,13861.036474984548,0.8709677419354839,0.009639804041400255,0.3333333333333333,26,channel_26,2880,1440.0,continuous,False,0.05876474991945043,False,False
93,93,1.0,0.2955704259040458,0.8376383738862414,86400.0,0.0,0.7741935483870968,16996.034243930895,0.7741935483870968,0.008248865675132633,0.3333333333333333,27,channel_27,2880,1440.0,continuous,False,0.10315256692799474,False,False
93,93,1.0,0.15431401255088548,0.9546956068649599,86400.0,0.0,1.0,72715.06359818781,1.0,0.0023784966673596787,0.3333333333333333,28,channel_28,2880,1440.0,continuous,False,0.0,False,False
93,93,1.0,0.8659136698843807,0.029497306338485622,1152.0,2.6709357238310094,0.17204301075268819,58.182791490200366,0.07526881720430108,0.05568333377683057,0.3333333333333333,29,channel_29,2880,1440.0,continuous,False,0.0006292444587799581,False,False
92,92,1.0,0.8655579099608056,0.029129955826497404,838.8349514563107,2.1606140620630043,0.16304347826086957,60.30083245036724,0.06521739130434782,0.05637081933077715,0.3333333333333333,30,channel_30,2880,1440.0,continuous,False,0.0005968829000286151,False,False
84,84,1.0,0.8660471354850428,0.028452685582065523,757.8947368421053,1.651846351619925,0.15476190476190477,55.580483025112,0.03571428571428571,0.05658498804524974,0.3333333333333333,31,channel_31,2880,1440.0,continuous,False,0.0005687809849652408,False,False
89,89,1.0,0.8658044917535742,0.03042944016365911,1838.2978723404256,6.129283016944967,0.056179775280898875,59.8010231193158,0.20224719101123595,0.056377243088564906,0.3333333333333333,32,channel_32,2880,1440.0,continuous,False,0.00018301230108418566,False,False
89,89,1.0,0.8473036173987777,0.07593983897458952,86400.0,0.0,0.797752808988764,226.37876563859572,0.797752808988764,0.05209461677624673,0.3333333333333333,33,channel_33,2880,1440.0,continuous,False,0.0018708943400091676,False,False
93,93,1.0,0.6495262697805266,0.40711190205250336,86400.0,1.0,0.6989247311827957,2086.580348676325,0.6989247311827957,0.03156488775618973,0.3333333333333333,34,channel_34,2880,1440.0,continuous,False,0.030024429299449186,False,False
93,93,1.0,0.17783048024884546,0.9457205544403388,86400.0,0.0,0.8387096774193549,65631.6018184144,0.8387096774193549,0.002555929102828805,0.3333333333333333,35,channel_35,2880,1440.0,continuous,False,0.10518266371299806,False,False
93,93,1.0,0.15214353777827733,0.9609392677469566,86400.0,0.0,1.0,84698.94112643035,1.0,0.0020826306408591286,0.3333333333333333,36,channel_36,2880,1440.0,continuous,False,0.0,False,False
93,93,1.0,0.19958925252975818,0.919269162601372,86400.0,0.0,1.0,38852.3075462743,1.0,0.00428915059317672,0.3333333333333333,37,channel_37,2880,1440.0,continuous,False,0.0,False,False
92,92,1.0,0.8672401216121628,0.0303849291793921,1371.4285714285713,4.00537870228894,0.10869565217391304,58.302669234129425,0.13043478260869565,0.05692229582572235,0.3333333333333333,38,channel_38,2880,1440.0,continuous,False,0.00038127594543281107,False,False
84,84,1.0,0.8658798047507668,0.029661654844402516,944.2904921165791,1.9332264741229785,0.20238095238095238,57.88327840260841,0.10714285714285714,0.05601157049006095,0.3333333333333333,39,channel_39,2880,1440.0,continuous,False,0.0007188547827964789,False,False
89,89,1.0,0.8431442467591022,0.08675839567395324,86400.0,0.0,0.7528089887640449,265.8175279261417,0.7528089887640449,0.052259045354347514,0.3333333333333333,40,channel_40,2880,1440.0,continuous,False,0.0025323832677725073,False,False
91,91,1.0,0.2338948172620588,0.8888914053517194,2979.310344827586,0.0,1.0,17476.59038347315,0.0,0.015050914229334753,1.0,41,channel_41,2880,1440.0,discrete_like,False,0.6809843125311644,True,True
91,91,1.0,0.33806859801316624,0.8045905094479554,2979.310344827586,0.0,1.0,5857.4835318565065,0.0,0.04071754956265422,1.0,42,channel_42,2880,1440.0,continuous,False,0.532583723944186,True,True
91,91,1.0,0.2328131896911617,0.8918732536302189,2979.310344827586,0.0,1.0,18058.891758002697,0.0,0.014854842471217334,1.0,43,channel_43,2880,1440.0,discrete_like,False,0.6842333966523332,True,True
91,91,1.0,0.333915043814312,0.805853724713306,2979.310344827586,0.0,1.0,6202.423014479453,0.0,0.03836689393033716,1.0,44,channel_44,2880,1440.0,discrete_like,False,0.5367670429177359,True,True
91,91,1.0,0.22751141389126375,0.9001109822682563,2979.310344827586,0.0,1.0,18219.25982745475,0.0,0.014660513928990511,1.0,45,channel_45,2880,1440.0,discrete_like,False,0.695325460033351,True,True
91,91,1.0,0.35154190122316453,0.7901272139123585,2979.310344827586,0.0,1.0,5320.694121370837,0.0,0.04314296543998586,1.0,46,channel_46,2880,1440.0,discrete_like,False,0.512364390925446,True,True
87,87,1.0,0.8763054426980824,0.14399641583130135,86400.0,0.0,0.9655172413793104,224.52796526020427,0.9655172413793104,0.20825088102915346,1.0,47,channel_47,2880,1440.0,discrete_like,False,0.0005930131289665134,False,False
87,87,1.0,0.8759698481332276,0.1442005856442919,86400.0,0.0,0.9655172413793104,216.05684265753015,0.9655172413793104,0.2085801346760665,1.0,48,channel_48,2880,1440.0,discrete_like,False,0.0005954651308307876,False,False
87,87,1.0,0.8525519404494413,0.1853683908165275,86400.0,0.0,0.9655172413793104,267.9196910436048,0.9655172413793104,0.19855169296272543,1.0,49,channel_49,2880,1440.0,discrete_like,False,0.0009099903291098499,False,False
87,87,1.0,0.8111909933297331,0.15328508206957067,86400.0,0.0,0.9655172413793104,541.7316801857395,0.9655172413793104,0.0476128392774829,0.3333333333333333,50,channel_50,2880,1440.0,discrete_like,False,0.0009635730253530635,False,False
87,87,1.0,0.8037597802158476,0.1686104157685305,86400.0,0.0,0.9540229885057471,566.334323034263,0.9540229885057471,0.04722157874014709,0.3333333333333333,51,channel_51,2880,1440.0,discrete_like,False,0.0014513494723266186,False,False
87,87,1.0,0.7868514955221286,0.19041461648693442,86400.0,0.0,0.9655172413793104,691.609150138943,0.9655172413793104,0.045180794906161593,0.3333333333333333,52,channel_52,2880,1440.0,discrete_like,False,0.0013512776939092611,False,False
96,96,1.0,0.9420600161725841,0.014360055010677452,133.97409853327594,1.8659910553716363,0.16666666666666666,10.842919422389851,0.0,0.2498431232643652,1.0,53,channel_53,2880,1440.0,discrete_like,False,0.0001386702258465758,False,False
96,96,1.0,0.9420013962284972,0.014176834800738922,114.13653497138071,1.3008373226442984,0.22916666666666666,10.696674230588528,0.0,0.2509668780178162,1.0,54,channel_54,2880,1440.0,discrete_like,False,0.0001884292264117332,False,False
96,96,1.0,0.9426189896455452,0.013876918363696544,124.23032077203602,1.7413987410957654,0.17708333333333334,10.440760777763835,0.0,0.24640114692069431,1.0,55,channel_55,2880,1440.0,discrete_like,False,0.00014100642851414908,False,False
96,96,1.0,0.9417819142560488,0.014367419744976363,115.12739023134421,1.7189559601551032,0.19791666666666666,11.13361998608648,0.0,0.24823393438759442,1.0,56,channel_56,2880,1440.0,discrete_like,False,0.0001655461439376567,False,False
92,92,1.0,0.6389296474862469,0.47830017507105893,86400.0,0.0,1.0,1139.433059533259,1.0,0.1250213951111779,1.0,57,channel_57,2880,1440.0,continuous,False,0.0,False,False
92,92,1.0,0.662988629188009,0.4366774805773582,86400.0,0.0,0.9891304347826086,1073.335104384547,0.9891304347826086,0.13863786758074462,1.0,58,channel_58,2880,1440.0,continuous,False,0.001582235366992125,False,False
92,92,1.0,0.5607294141768302,0.5598939459367329,86400.0,0.0,0.9891304347826086,1685.717239104808,0.9891304347826086,0.1079639536700104,1.0,59,channel_59,2880,1440.0,continuous,False,0.0026442568157340864,False,False
92,92,1.0,0.6764553539460865,0.4241161288917041,86400.0,0.0,0.9891304347826086,965.8840467917786,0.9891304347826086,0.1423738536341492,1.0,60,channel_60,2880,1440.0,continuous,False,0.0014753149522129122,False,False
96,32,0.3333333333333333,0.21657824147158555,0.8502936666898593,86400.0,0.0,0.78125,482341.29165149515,0.78125,0.0002321850192224189,0.03333333333333333,61,channel_61,2880,1440.0,continuous,False,0.03794734633273275,False,False
96,32,0.3333333333333333,0.2165782414715715,0.8502936666898742,86400.0,0.0,0.78125,482341.2916516395,0.78125,0.00023218501922239547,0.03333333333333333,62,channel_62,2880,1440.0,continuous,False,0.0379473463327341,False,False
96,32,0.3333333333333333,0.2165782414715705,0.8502936666898762,86400.0,0.0,0.78125,482341.29165161593,0.78125,0.00023218501922239542,0.03333333333333333,63,channel_63,2880,1440.0,continuous,False,0.03794734633273425,False,False
96,70,0.7291666666666666,0.8221833670802526,0.02400866161698817,17280.0,3.39231742277876,0.05714285714285714,85.31599927389956,0.21428571428571427,0.027068842127501762,0.16666666666666666,64,channel_64,2880,1440.0,discrete_like,False,0.0001397634912680552,False,False
96,93,0.96875,0.8056508431208822,0.03266287510877176,4320.0,3.426264754702098,0.0967741935483871,125.000224896355,0.1935483870967742,0.02707101033686939,0.16666666666666666,65,channel_65,2880,1440.0,discrete_like,False,0.00047993968538087567,False,False
93,91,0.978494623655914,0.7189402428922889,0.21640647525294168,86400.0,0.0,0.7582417582417582,1567.1493782690545,0.7582417582417582,0.021714214610343743,0.16666666666666666,66,channel_66,2880,1440.0,discrete_like,False,0.010909788937891038,False,False
96,96,1.0,0.7931431697321145,0.05049194817751024,1502.7223230490017,2.3327143630952616,0.13541666666666666,242.57732395868567,0.052083333333333336,0.0271378473421753,0.16666666666666666,67,channel_67,2880,1440.0,discrete_like,False,0.0013407082194923257,False,False
96,96,1.0,0.7986385736635716,0.04700973347473929,1677.8280542986424,1.7886632361757613,0.1875,213.3682990304297,0.041666666666666664,0.027474009425458232,0.16666666666666666,68,channel_68,2880,1440.0,discrete_like,False,0.0017009123487178397,False,False
96,61,0.6354166666666666,0.8066559422971048,0.029680381928125145,8640.0,4.058893689053569,0.09836065573770492,135.32301937624607,0.16393442622950818,0.027132724140276957,0.16666666666666666,69,channel_69,2880,1440.0,discrete_like,False,0.0002998614746761529,False,False
94,94,1.0,0.4178111348073664,0.5931482286950744,60.63157894736842,0.0,1.0,5427.750146969492,0.0,0.5631813700581441,1.0,70,channel_70,2880,1440.0,discrete_like,False,0.3453242941550061,True,True
94,94,1.0,0.37940318216113683,0.666149603442873,60.63157894736842,0.0,1.0,8733.172533229947,0.0,0.7834318370934392,1.0,71,channel_71,2880,1440.0,discrete_like,False,0.4134103241012676,True,True
94,94,1.0,0.38851016726822835,0.6411428638391035,60.63157894736842,0.0,1.0,8689.104473450312,0.0,0.6871908470980849,1.0,72,channel_72,2880,1440.0,discrete_like,False,0.39205234256614246,True,True
94,94,1.0,0.4329417669674681,0.6116946024108091,121.17812061711079,0.0,1.0,4960.2203822246165,0.0,0.19201774159293464,1.0,73,channel_73,2880,1440.0,discrete_like,False,0.3468664603986105,True,True
94,94,1.0,0.48668927179729693,0.5385827305201808,121.17812061711079,0.0,1.0,2992.7798580656445,0.0,0.3161155645664149,1.0,74,channel_74,2880,1440.0,discrete_like,False,0.2764602936007142,True,True
94,94,1.0,0.49473676713106857,0.5230316775962154,60.63157894736842,0.0,0.9893617021276596,2571.392588538809,0.0,0.4966867119914321,1.0,75,channel_75,2880,1440.0,discrete_like,False,0.26145730741815504,True,True
94,94,1.0,0.4873892089965789,0.5328636110445337,60.63157894736842,0.0,1.0,2972.8021236220657,0.0,0.5321029799653072,1.0,76,channel_76,2880,1440.0,discrete_like,False,0.27315163715447777,True,True
