eligible_windows,active_windows,active_window_fraction,median_spectral_entropy,median_top3_power_share,median_dominant_period_seconds,dominant_period_iqr_octaves,dominant_period_stability,median_peak_to_median_power,boundary_peak_fraction,median_high_frequency_share,median_update_fraction,channel_id,channel,horizon_steps,window_minutes,value_type,differenced,periodicity_score,candidate_periodic,strong_periodic,eval_points,rmse,mae,crps
96,1,0.010416666666666666,0.49056492730671314,0.6338744311764323,2880.0,0.0,1.0,436.88453729240837,0.0,0.005715295707501555,0.3333333333333333,1,channel_1,192,96.0,continuous,False,0.003363727780466475,False,False,6144,0.0017722322972593,0.0003226562227306,0.0002663419357607
96,2,0.020833333333333332,0.4964498003711696,0.5613426686941863,2160.0,0.5,0.0,883.7932898116258,0.0,0.00454527804767454,0.3333333333333333,2,channel_2,192,96.0,continuous,False,0.0,False,False,6144,0.0067627007920092,0.0009449422189694,0.0008947679357413
96,13,0.13541666666666666,0.3492734864975932,0.7982251941397724,5760.0,1.0,0.6153846153846154,3643.0927370298855,0.6153846153846154,0.0009952831567548047,0.3333333333333333,3,channel_3,192,96.0,continuous,False,0.01664827876834474,False,False,6144,0.0116977482371801,0.001704536938026,0.0016331748871587
96,0,0.0,,,,,0.0,,,,,4,channel_4,192,96.0,continuous,True,,False,False,6144,0.23340889384727,0.0108176295419373,0.0108084459176305
96,0,0.0,,,,,0.0,,,,,5,channel_5,192,96.0,continuous,True,,False,False,6144,0.3515044502769677,0.0163017940779658,0.0162047119928294
96,0,0.0,,,,,0.0,,,,,6,channel_6,192,96.0,continuous,True,,False,False,6144,0.2187856327631958,0.0093351892343586,0.0092745901722098
96,0,0.0,,,,,0.0,,,,,7,channel_7,192,96.0,continuous,True,,False,False,6144,0.3738880849299364,0.0234262553279525,0.0233232142165609
96,0,0.0,,,,,0.0,,,,,8,channel_8,192,96.0,discrete_like,True,,False,False,6144,9.733259763313948e-05,7.656565533883015e-05,6.965754569695523e-05
96,0,0.0,,,,,0.0,,,,,9,channel_9,192,96.0,discrete_like,True,,False,False,6144,9.90479472787282e-05,7.7872389889914e-05,7.21399814800973e-05
96,0,0.0,,,,,0.0,,,,,10,channel_10,192,96.0,discrete_like,True,,False,False,6144,9.907298022880857e-05,7.793729552455868e-05,7.226961439268882e-05
96,0,0.0,,,,,0.0,,,,,11,channel_11,192,96.0,discrete_like,True,,False,False,6144,0.0001036967818447,7.947556665991821e-05,7.401205087725222e-05
95,95,1.0,0.8106533874873303,0.20455249288592708,960.0,2.5221970596792254,0.12631578947368421,23.80786267860978,0.1368421052631579,0.058030099774564005,0.3333333333333333,12,channel_12,192,96.0,continuous,False,0.004222894234152765,False,False,6144,0.0558988826803624,0.0209168372675776,0.0182438929500916
95,95,1.0,0.8116497468236235,0.20505257474706132,960.0,2.584962500721156,0.05263157894736842,23.658887699430256,0.16842105263157894,0.05847583815588936,0.3333333333333333,13,channel_13,192,96.0,continuous,False,0.0016903682244199852,False,False,6144,0.051993055297836,0.0185674999374896,0.016382413295408
95,95,1.0,0.8089329802278876,0.2030167851025081,640.0,1.584962500721156,0.17894736842105263,24.26866206626392,0.10526315789473684,0.06046896446614257,0.3333333333333333,14,channel_14,192,96.0,continuous,False,0.006210667975041392,False,False,6144,0.4067916557526014,0.1204282523831352,0.0854111193973375
90,90,1.0,0.811218069924828,0.19865081989105013,720.0,2.6715704137861067,0.16666666666666666,24.054406189138206,0.16666666666666666,0.058157625509279574,0.3333333333333333,15,channel_15,192,96.0,continuous,False,0.0052085673875066395,False,False,6144,0.0814686865640649,0.030694128635029,0.0319018960570949
90,90,1.0,0.8166572477874252,0.18996857069569267,960.0,2.0,0.1,20.460460569573314,0.1111111111111111,0.05923465172165663,0.3333333333333333,16,channel_16,192,96.0,continuous,False,0.003095943163132211,False,False,6144,0.1143686051149768,0.0246938633111615,0.0212916240168596
95,95,1.0,0.8082862118879507,0.216777171975999,960.0,2.700439718141091,0.05263157894736842,26.327844624858898,0.23157894736842105,0.058250031106574666,0.3333333333333333,17,channel_17,192,96.0,continuous,False,0.001680786490608711,False,False,6144,0.0556666907282924,0.0205288882522533,0.0178113586479683
95,95,1.0,0.7999916692480169,0.2291890370154396,1920.0,3.0,0.09473684210526316,30.951677846955093,0.3157894736842105,0.05398100028632778,0.3333333333333333,18,channel_18,192,96.0,continuous,False,0.0029713278982012007,False,False,6144,0.0564646491283008,0.0234380119945853,0.0198325815175561
95,95,1.0,0.8018787781642316,0.2136623246289879,960.0,1.8744691179161403,0.11578947368421053,26.82436695248181,0.17894736842105263,0.05775482391067213,0.3333333333333333,19,channel_19,192,96.0,continuous,False,0.004024380390019607,False,False,6144,0.0600562330608408,0.0245206377003341,0.0207129650720672
95,95,1.0,0.8112902316705247,0.20287611555426338,960.0,2.5221970596792254,0.09473684210526316,24.053892544780705,0.1368421052631579,0.05916097753821096,0.3333333333333333,20,channel_20,192,96.0,continuous,False,0.0031306495420699975,False,False,6144,0.0606589332246639,0.023462552887698,0.0203854959762426
95,95,1.0,0.8054972780414705,0.2100103331601862,822.8571428571429,1.792481250360579,0.16842105263157894,25.444579586616083,0.14736842105263157,0.05734319296665414,0.3333333333333333,21,channel_21,192,96.0,continuous,False,0.005865757955129051,False,False,6144,0.5020580503286792,0.1504693670431152,0.1027498482164861
86,86,1.0,0.8074066822353634,0.21128581715012718,680.0,2.0866079130649506,0.12790697674418605,24.62947763435146,0.18604651162790697,0.058489110352923174,0.3333333333333333,22,channel_22,192,96.0,continuous,False,0.004236482168955872,False,False,6144,0.0997474552917166,0.0343562722361336,0.0336707257379761
90,90,1.0,0.8142733147932382,0.19789864580838432,720.0,1.8820066772207902,0.13333333333333333,23.919942159237543,0.06666666666666667,0.05971152737238544,0.3333333333333333,23,channel_23,192,96.0,continuous,False,0.0045739629591162265,False,False,6144,0.0683706870078917,0.0250266334430004,0.0290530514821671
90,90,1.0,0.8132246919921935,0.20035353825448685,640.0,1.8015246534989497,0.15555555555555556,22.65560534979651,0.07777777777777778,0.05876534529230747,0.3333333333333333,24,channel_24,192,96.0,continuous,False,0.005368310002029778,False,False,6144,0.0971989361160227,0.0217613915447145,0.0203310940463173
95,95,1.0,0.8077122583785282,0.21546514095618466,960.0,2.4594316186372964,0.1368421052631579,27.497915680659748,0.21052631578947367,0.05590489515292239,0.3333333333333333,25,channel_25,192,96.0,continuous,False,0.004475958195989077,False,False,6144,0.0613379652759209,0.0236759043764323,0.0202546435471607
95,95,1.0,0.8173056138482271,0.19513393440115398,1152.0,1.9372345589580693,0.07368421052631578,23.429027815616223,0.15789473684210525,0.05718100058681395,0.3333333333333333,26,channel_26,192,96.0,continuous,False,0.0022120697665559577,False,False,6144,0.0666082634641687,0.0244908889289945,0.0214876093832253
95,95,1.0,0.8097546701058759,0.2049148598498597,1152.0,2.584962500721156,0.042105263157894736,27.336768074584732,0.17894736842105263,0.05807985194683796,0.3333333333333333,27,channel_27,192,96.0,continuous,False,0.00134770500554588,False,False,6144,0.059158131442746,0.0223197776358574,0.0196390550046456
95,95,1.0,0.8055866248951202,0.21934495163633277,1152.0,1.877443751081735,0.08421052631578947,27.544630684215512,0.14736842105263157,0.05596772140275649,0.3333333333333333,28,channel_28,192,96.0,continuous,False,0.0030618335566951556,False,False,6144,0.0530313730428751,0.022612124060591,0.0190429351386499
95,95,1.0,0.8072761815442692,0.20316120720645503,822.8571428571429,2.3219280948873617,0.22105263157894736,26.604831267240467,0.22105263157894736,0.05800585662053965,0.3333333333333333,29,channel_29,192,96.0,continuous,False,0.006741863891142464,False,False,6144,0.4529566142029906,0.1374733291255931,0.0975184163084792
93,93,1.0,0.8107360806666876,0.20675540523553365,640.0,1.8073549220576037,0.1827956989247312,24.02791203123626,0.1827956989247312,0.059478683354124075,0.3333333333333333,30,channel_30,192,96.0,continuous,False,0.005845495332753599,False,False,6144,0.1913397209721331,0.057921182597056,0.0438486196227339
85,85,1.0,0.8110995475588091,0.2100763901004003,640.0,1.6780719051126383,0.18823529411764706,25.41671739664444,0.07058823529411765,0.059839556451890395,0.3333333333333333,31,channel_31,192,96.0,continuous,False,0.006942557200469573,False,False,6144,0.1181600996790858,0.0360520663671195,0.0343684423234918
90,90,1.0,0.8109756958055129,0.19688434550338668,822.8571428571429,1.8744691179161403,0.2111111111111111,23.42980109118613,0.14444444444444443,0.05901005096257949,0.3333333333333333,32,channel_32,192,96.0,continuous,False,0.006721839548885323,False,False,6144,0.0487073535236109,0.0156833423146357,0.0170818145918913
90,90,1.0,0.8150943502216128,0.19245596371253787,822.8571428571429,1.8962406251802886,0.18888888888888888,21.928557950622938,0.05555555555555555,0.06089244176246769,0.3333333333333333,33,channel_33,192,96.0,continuous,False,0.006348401457983851,False,False,6144,0.2739898307683267,0.0397301766400535,0.026900566775319
95,95,1.0,0.8077321923254324,0.2131518417066502,640.0,2.8073549220576037,0.15789473684210525,24.854086282493455,0.12631578947368421,0.0581618524367012,0.3333333333333333,34,channel_34,192,96.0,continuous,False,0.005653505312674122,False,False,6144,0.0505398729969262,0.019898485004281,0.0174254145179139
95,95,1.0,0.8010776877061115,0.2225543829398159,960.0,3.169925001442312,0.18947368421052632,29.13294604632566,0.2631578947368421,0.05619114997446146,0.3333333333333333,35,channel_35,192,96.0,continuous,False,0.006180775723719103,False,False,6144,0.0594537922182993,0.0238886561710387,0.0207077393914867
95,95,1.0,0.8079656557505738,0.20236336050811465,960.0,2.0577386087099665,0.11578947368421053,24.49519010350184,0.11578947368421053,0.05919852210806312,0.3333333333333333,36,channel_36,192,96.0,continuous,False,0.003978648296665295,False,False,6144,0.0462180163582489,0.0208052495339264,0.0172927929119108
95,95,1.0,0.815923023352467,0.2055391476527733,1152.0,2.6427011094311226,0.07368421052631578,23.755446770349483,0.1368421052631579,0.05849675385219683,0.3333333333333333,37,channel_37,192,96.0,continuous,False,0.002406349505000727,False,False,6144,0.0591294909411946,0.0233154275144139,0.0200105445028544
93,93,1.0,0.8155105525426862,0.19294168331771977,523.6363636363636,1.6780719051126383,0.26881720430107525,22.35771746533189,0.06451612903225806,0.06032928282812012,0.3333333333333333,38,channel_38,192,96.0,continuous,False,0.008951399860009833,False,False,6144,0.1306195111146459,0.0414261869930972,0.0403957128802543
85,85,1.0,0.8120349986659198,0.2067219969770014,822.8571428571429,2.700439718141091,0.10588235294117647,23.7825936718091,0.11764705882352941,0.061161435804457744,0.3333333333333333,39,channel_39,192,96.0,continuous,False,0.00363019208240234,False,False,6144,0.0762482602269225,0.0283792775978023,0.0316322871888252
90,90,1.0,0.8119910285079242,0.20440613075238118,822.8571428571429,2.0,0.13333333333333333,24.99466273365885,0.14444444444444443,0.059196755592351755,0.3333333333333333,40,channel_40,192,96.0,continuous,False,0.004383887931149789,False,False,6144,0.0851668630205179,0.0199520511863132,0.0178454672869727
95,95,1.0,0.28718995959830257,0.942541163851719,2880.0,0.0,1.0,1235.7171788450335,0.0,0.014193711648032962,1.0,41,channel_41,192,96.0,discrete_like,False,0.6718528050854068,True,True,6144,2.362232710538289,0.4129181355237961,0.3063169376303752
95,95,1.0,0.3980400002602563,0.8494813420336677,2880.0,0.0,1.0,409.59052894070015,0.0,0.04004781668973016,1.0,42,channel_42,192,96.0,continuous,False,0.5113537884295037,True,True,6144,1.388872186259,0.4171249729891618,0.3188484551123621
95,95,1.0,0.2871905362563576,0.942834647505207,2880.0,0.0,1.0,1297.563057584231,0.0,0.014043058791100908,1.0,43,channel_43,192,96.0,discrete_like,False,0.6720614594871127,True,True,6144,2.9155621432581427,0.6065455401937166,0.4469733548497683
95,95,1.0,0.3932092412401201,0.8550141375085378,2880.0,0.0,1.0,438.41007456631684,0.0,0.03516275280554951,1.0,44,channel_44,192,96.0,discrete_like,False,0.51881467724923,True,True,6144,1.406251011512534,0.4176036405066649,0.3160732746156945
95,95,1.0,0.28099076541188145,0.948297804631351,2880.0,0.0,1.0,1374.5327359511855,0.0,0.014405812898224431,1.0,45,channel_45,192,96.0,discrete_like,False,0.6818348786695808,True,True,6144,1.4026523511088478,0.3193050064146518,0.2448884464408222
95,95,1.0,0.40768747476881595,0.8400854935483808,2880.0,0.0,1.0,410.86364403742164,0.0,0.04112634099809405,1.0,46,channel_46,192,96.0,discrete_like,False,0.497593160093727,True,True,6144,1.4607447830287987,0.4398075640201568,0.332196255917089
93,93,1.0,0.9246011610414817,0.1095105711958996,120.0,1.5283789723547896,0.1827956989247312,5.223900294778744,0.03225806451612903,0.2609393268833157,1.0,47,channel_47,192,96.0,discrete_like,False,0.0014606502463219019,False,False,6144,0.8938295206307708,0.1100242698254684,0.0745115148734807
93,93,1.0,0.9224748619437065,0.11484081940917248,112.94117647058823,2.3410369178350674,0.13978494623655913,5.39885357986458,0.043010752688172046,0.25840857030751263,1.0,48,channel_48,192,96.0,discrete_like,False,0.001190985002743371,False,False,6144,1.1701595881382605,0.1363312165873746,0.0990962023293321
93,93,1.0,0.9256564915743463,0.1101835026927114,128.0,1.563900885193326,0.21505376344086022,5.284322527278578,0.010752688172043012,0.2457878541898798,1.0,49,channel_49,192,96.0,discrete_like,False,0.0017426555458294232,False,False,6144,1.0139176158355057,0.1225048271783938,0.0835326510071019
93,93,1.0,0.8103271684364804,0.20031849996490902,720.0,2.0,0.16129032258064516,24.335802844197385,0.11827956989247312,0.0594649974767536,0.3333333333333333,50,channel_50,192,96.0,discrete_like,False,0.005403378637596061,False,False,6144,1.295336246609987,0.1503121609178682,0.107949549130066
93,93,1.0,0.8115149554532922,0.20058059012101154,720.0,1.8073549220576037,0.1827956989247312,23.983936884354193,0.06451612903225806,0.05988334997927316,0.3333333333333333,51,channel_51,192,96.0,discrete_like,False,0.006464993285408516,False,False,6144,1.475098598026763,0.1665812636880825,0.1173790177869561
93,93,1.0,0.8103415877174674,0.2021269218603422,822.8571428571429,2.0,0.12903225806451613,24.744186112831486,0.17204301075268819,0.058667870064275325,0.3333333333333333,52,channel_52,192,96.0,discrete_like,False,0.004095456778533856,False,False,6144,1.315160207026017,0.1477516108813385,0.0999195922733889
96,96,1.0,0.9213259756526833,0.11205005075380695,105.6969696969697,1.5947984208210801,0.17708333333333334,5.633935304288179,0.0,0.2618913600608823,1.0,53,channel_53,192,96.0,discrete_like,False,0.0015610654495738796,False,False,6144,1.006160207161877,0.3526740272839864,0.3400279508348097
96,96,1.0,0.9148774643157842,0.12210356368430778,130.97674418604652,1.669015656611065,0.14583333333333334,5.934505420310862,0.010416666666666666,0.2461434924043538,1.0,54,channel_54,192,96.0,discrete_like,False,0.0014999682500716415,False,False,6144,1.0719574587942662,0.4571235862871011,0.4139257390623945
96,96,1.0,0.9159172794461473,0.12035472878809182,114.07058823529411,1.4293318375626338,0.20833333333333334,6.052885111234771,0.010416666666666666,0.25416188404877876,1.0,55,channel_55,192,96.0,discrete_like,False,0.0020863206112462372,False,False,6144,1.0662709267893005,0.3640313670039177,0.3434181465979731
96,96,1.0,0.9158280024133589,0.11429408105786618,130.9090909090909,1.5231158805771763,0.19791666666666666,5.712404300485484,0.020833333333333332,0.24492911601789527,1.0,56,channel_56,192,96.0,discrete_like,False,0.0018643625164210661,False,False,6144,1.3706360330991398,0.9021490961313248,0.6987071819930223
93,93,1.0,0.9218466874378444,0.11578710331453657,108.67924528301887,1.9114633253983424,0.17204301075268819,5.568498033068971,0.10752688172043011,0.2541527783134437,1.0,57,channel_57,192,96.0,continuous,False,0.0013894398725561418,False,False,6144,0.3241102776425661,0.142555680203562,0.1268518895034376
93,93,1.0,0.9234732012688828,0.11391590455388959,117.55102040816327,1.9349049717781144,0.20430107526881722,5.538318371820996,0.06451612903225806,0.24039296748338848,1.0,58,channel_58,192,96.0,continuous,False,0.0016661145836066032,False,False,6144,0.596655527440367,0.2265114600304514,0.170180964400571
93,93,1.0,0.9229625835880176,0.1113135248272568,99.3103448275862,1.584962500721157,0.15053763440860216,5.27747382841027,0.08602150537634409,0.2591025481739092,1.0,59,channel_59,192,96.0,continuous,False,0.001179860628239042,False,False,6144,0.4044691831445556,0.1549697145043561,0.1299759189071329
93,93,1.0,0.9239147001615519,0.11269790766090133,125.21739130434783,2.078002512001273,0.17204301075268819,5.110753061048214,0.07526881720430108,0.24628998345012165,1.0,60,channel_60,192,96.0,continuous,False,0.0013641720471118625,False,False,6144,0.4101503619649386,0.1847399781302859,0.1464457441909696
96,2,0.020833333333333332,0.30538772162976224,0.8694532883713286,5760.0,0.0,1.0,3019.7671107490387,1.0,0.003020162545060952,0.03385416666666667,61,channel_61,192,96.0,continuous,False,0.0,False,False,6144,0.0041510302316855,0.0031390796066261,0.0025439506012174
96,2,0.020833333333333332,0.30538772162974914,0.8694532883713362,5760.0,0.0,1.0,3019.7671107494716,1.0,0.0030201625450607594,0.03385416666666667,62,channel_62,192,96.0,continuous,False,0.0,False,False,6144,0.0037754615597999,0.0028323136308851,0.0023585899398312
96,2,0.020833333333333332,0.30538772162973754,0.8694532883713448,5760.0,0.0,1.0,3019.767110749697,1.0,0.00302016254506052,0.03385416666666667,63,channel_63,192,96.0,continuous,False,0.0,False,False,6144,0.0037673004516212,0.0028286409021044,0.0023553675293857
96,9,0.09375,0.7589097607313862,0.19008403299071136,2880.0,0.5849625007211561,0.4444444444444444,35.901294814503565,0.2222222222222222,0.02805041586747291,0.16666666666666666,64,channel_64,192,96.0,discrete_like,False,0.0014851473840931286,False,False,6144,0.7677535189937283,0.0340334045273872,0.0340155586926365
96,25,0.2604166666666667,0.7581603712346524,0.1927330747333822,2880.0,1.584962500721156,0.24,35.4950407870254,0.36,0.028136502937794,0.16666666666666666,65,channel_65,192,96.0,discrete_like,False,0.0018644198097730062,False,False,6144,0.9006906628547943,0.072823285002111,0.073457944962516
93,56,0.6021505376344086,0.6952809293837179,0.35088370146127157,1440.0,2.042481250360577,0.07142857142857142,93.94979136622267,0.21428571428571427,0.027997090198823245,0.16666666666666666,66,channel_66,192,96.0,discrete_like,False,0.003613304176468437,False,False,6144,0.1869269584407736,0.0734591849613934,0.0593218412944687
96,86,0.8958333333333334,0.6983894904234348,0.32497463097683177,1920.0,1.8073549220576037,0.10465116279069768,100.5774275681438,0.22093023255813954,0.028076491561659263,0.16666666666666666,67,channel_67,192,96.0,discrete_like,False,0.007158854859638108,False,False,6144,0.011061327717304,0.0051489185425452,0.0039027628708617
96,69,0.71875,0.7484763465395484,0.22860318319821243,1920.0,1.584962500721156,0.2608695652173913,53.58063793776057,0.3188405797101449,0.02812963027402857,0.16666666666666666,68,channel_68,192,96.0,discrete_like,False,0.007343636054464826,False,False,6144,0.0201246376348011,0.009775723311274,0.0083159276146034
96,15,0.15625,0.7558738692349791,0.1998665762026065,2880.0,0.5849625007211561,0.4666666666666667,38.12298995225717,0.2,0.0280971527407897,0.16666666666666666,69,channel_69,192,96.0,discrete_like,False,0.0028462381451930144,False,False,6144,0.0304971391638837,0.00652195854218,0.0063374001126823
95,95,1.0,0.5537086510614772,0.5983356098976595,60.63157894736842,0.0,1.0,249.07585689813584,0.0,0.6035592014998564,1.0,70,channel_70,192,96.0,discrete_like,False,0.26703200645918024,True,True,6144,0.9895875863770226,0.7433362305164337,0.5682794465765095
94,94,1.0,0.490383516157049,0.6924876161945566,60.63157894736842,0.0,1.0,428.88564427871086,0.0,0.8091826085132999,1.0,71,channel_71,192,96.0,discrete_like,False,0.35290310406985687,True,True,6144,1.0734779045833498,0.9200042088826498,0.623077403557928
95,95,1.0,0.5076863795663809,0.6561222103147972,60.63157894736842,0.0,1.0,400.2816201128651,0.0,0.7242071188505831,1.0,72,channel_72,192,96.0,discrete_like,False,0.32301790080698634,True,True,6144,1.0429679665818528,0.839729314049085,0.5985613996326401
95,95,1.0,0.5507024545811752,0.6404009166791345,120.0,0.03037364904351847,1.0,199.43686869218527,0.0,0.2068607967996052,1.0,73,channel_73,192,96.0,discrete_like,False,0.2877305599479005,True,True,6144,1.0353302143675902,0.853087767958641,0.5914158239437822
95,95,1.0,0.5980988722332955,0.5764858922944457,120.0,0.03037364904351847,0.9368421052631579,127.78226532481011,0.0,0.35120023010278684,1.0,74,channel_74,192,96.0,discrete_like,False,0.2170572567649601,True,True,6144,0.966725564503825,0.75450782229503,0.5754820916540268
95,95,1.0,0.6008537600285059,0.5593471515148857,60.63157894736842,0.0,0.968421052631579,146.92209769931372,0.0,0.5483823103113685,1.0,75,channel_75,192,96.0,discrete_like,False,0.21621095513332386,True,True,6144,0.9767564733504078,0.7449910938739777,0.5660339434091982
95,95,1.0,0.5859078577478439,0.5711166376272332,60.63157894736842,0.0,1.0,181.87283264553193,0.0,0.5817054791026294,1.0,76,channel_76,192,96.0,discrete_like,False,0.23649491195090933,True,True,6144,1.539160417130317,1.1789675205945969,0.9283015492061774
